ISO-10303-21;
HEADER;
/* Generated by software containing ST-Developer
 * from STEP Tools, Inc. (www.steptools.com) 
 */

FILE_DESCRIPTION(
/* description */ (''),
/* implementation_level */ '2;1');

FILE_NAME(
/* name */ 'connector_guideV1.step',
/* time_stamp */ '2026-10-07T17:08:11+02:00',
/* author */ (''),
/* organization */ (''),
/* preprocessor_version */ 'ST-DEVELOPER v20.2',
/* originating_system */ 'Autodesk Translation Framework v15.15.0.0',
/* authorisation */ '');

FILE_SCHEMA (('AUTOMOTIVE_DESIGN { 1 0 10303 214 3 1 1 }'));
ENDSEC;

DATA;
#10=MECHANICAL_DESIGN_GEOMETRIC_PRESENTATION_REPRESENTATION('',(#17),#2729);
#11=ITEM_DEFINED_TRANSFORMATION($,$,#1673,#1781);
#12=(
REPRESENTATION_RELATIONSHIP($,$,#2740,#2739)
REPRESENTATION_RELATIONSHIP_WITH_TRANSFORMATION(#11)
SHAPE_REPRESENTATION_RELATIONSHIP()
);
#13=CONTEXT_DEPENDENT_SHAPE_REPRESENTATION(#12,#2738);
#14=NEXT_ASSEMBLY_USAGE_OCCURRENCE('Connector_guide:1',
'Connector_guide:1','Connector_guide:1',#2742,#2743,'Connector_guide:1');
#15=SHAPE_REPRESENTATION_RELATIONSHIP('SRR','None',#2740,#16);
#16=ADVANCED_BREP_SHAPE_REPRESENTATION('',(#18),#2728);
#17=STYLED_ITEM('',(#2753),#18);
#18=MANIFOLD_SOLID_BREP('Body1',#1659);
#19=FACE_BOUND('',#212,.T.);
#20=FACE_BOUND('',#215,.T.);
#21=FACE_BOUND('',#232,.T.);
#22=FACE_BOUND('',#263,.T.);
#23=FACE_BOUND('',#264,.T.);
#24=FACE_BOUND('',#265,.T.);
#25=FACE_BOUND('',#266,.T.);
#26=CYLINDRICAL_SURFACE('',#1695,1.2);
#27=CYLINDRICAL_SURFACE('',#1706,1.2);
#28=CYLINDRICAL_SURFACE('',#1709,1.);
#29=CYLINDRICAL_SURFACE('',#1713,1.);
#30=CYLINDRICAL_SURFACE('',#1755,1.2);
#31=CYLINDRICAL_SURFACE('',#1766,1.2);
#32=CYLINDRICAL_SURFACE('',#1769,1.);
#33=CYLINDRICAL_SURFACE('',#1773,1.);
#34=(
BOUNDED_CURVE()
B_SPLINE_CURVE(2,(#2317,#2318,#2319),.UNSPECIFIED.,.F.,.F.)
B_SPLINE_CURVE_WITH_KNOTS((3,3),(0.155479810340417,0.204552041264583),
 .UNSPECIFIED.)
CURVE()
GEOMETRIC_REPRESENTATION_ITEM()
RATIONAL_B_SPLINE_CURVE((1.04468235557502,1.0676981511147,1.05375962560605))
REPRESENTATION_ITEM('')
);
#35=(
BOUNDED_CURVE()
B_SPLINE_CURVE(2,(#2323,#2324,#2325),.UNSPECIFIED.,.F.,.F.)
B_SPLINE_CURVE_WITH_KNOTS((3,3),(0.371131560803414,0.372547516469618),
 .UNSPECIFIED.)
CURVE()
GEOMETRIC_REPRESENTATION_ITEM()
RATIONAL_B_SPLINE_CURVE((1.4000000000005,1.38324618661928,1.36635871120814))
REPRESENTATION_ITEM('')
);
#36=(
BOUNDED_CURVE()
B_SPLINE_CURVE(2,(#2329,#2330,#2331),.UNSPECIFIED.,.F.,.F.)
B_SPLINE_CURVE_WITH_KNOTS((3,3),(0.0147508181511642,0.016166773817362),
 .UNSPECIFIED.)
CURVE()
GEOMETRIC_REPRESENTATION_ITEM()
RATIONAL_B_SPLINE_CURVE((1.36635871120791,1.38324618661896,1.40000000000011))
REPRESENTATION_ITEM('')
);
#37=(
BOUNDED_CURVE()
B_SPLINE_CURVE(2,(#2333,#2334,#2335),.UNSPECIFIED.,.F.,.F.)
B_SPLINE_CURVE_WITH_KNOTS((3,3),(0.0435050940110906,0.0925773249352561),
 .UNSPECIFIED.)
CURVE()
GEOMETRIC_REPRESENTATION_ITEM()
RATIONAL_B_SPLINE_CURVE((1.05375962560603,1.06769815111468,1.04468235557501))
REPRESENTATION_ITEM('')
);
#38=(
BOUNDED_CURVE()
B_SPLINE_CURVE(2,(#2372,#2373,#2374),.UNSPECIFIED.,.F.,.F.)
B_SPLINE_CURVE_WITH_KNOTS((3,3),(0.155479810340417,0.204552041264583),
 .UNSPECIFIED.)
CURVE()
GEOMETRIC_REPRESENTATION_ITEM()
RATIONAL_B_SPLINE_CURVE((1.04468235557501,1.06769815111468,1.05375962560603))
REPRESENTATION_ITEM('')
);
#39=(
BOUNDED_CURVE()
B_SPLINE_CURVE(2,(#2378,#2379,#2380),.UNSPECIFIED.,.F.,.F.)
B_SPLINE_CURVE_WITH_KNOTS((3,3),(0.371131560803444,0.372547516469644),
 .UNSPECIFIED.)
CURVE()
GEOMETRIC_REPRESENTATION_ITEM()
RATIONAL_B_SPLINE_CURVE((1.39999999999979,1.38324618661862,1.36635871120754))
REPRESENTATION_ITEM('')
);
#40=(
BOUNDED_CURVE()
B_SPLINE_CURVE(2,(#2384,#2385,#2386),.UNSPECIFIED.,.F.,.F.)
B_SPLINE_CURVE_WITH_KNOTS((3,3),(0.0147508181511639,0.0161667738173619),
 .UNSPECIFIED.)
CURVE()
GEOMETRIC_REPRESENTATION_ITEM()
RATIONAL_B_SPLINE_CURVE((1.3663587112079,1.38324618661896,1.4000000000001))
REPRESENTATION_ITEM('')
);
#41=(
BOUNDED_CURVE()
B_SPLINE_CURVE(2,(#2388,#2389,#2390),.UNSPECIFIED.,.F.,.F.)
B_SPLINE_CURVE_WITH_KNOTS((3,3),(0.043505094011091,0.0925773249352572),
 .UNSPECIFIED.)
CURVE()
GEOMETRIC_REPRESENTATION_ITEM()
RATIONAL_B_SPLINE_CURVE((1.05375962560605,1.0676981511147,1.04468235557502))
REPRESENTATION_ITEM('')
);
#42=(
BOUNDED_CURVE()
B_SPLINE_CURVE(2,(#2607,#2608,#2609),.UNSPECIFIED.,.F.,.F.)
B_SPLINE_CURVE_WITH_KNOTS((3,3),(0.155479810340417,0.204552041264583),
 .UNSPECIFIED.)
CURVE()
GEOMETRIC_REPRESENTATION_ITEM()
RATIONAL_B_SPLINE_CURVE((1.04468235557502,1.0676981511147,1.05375962560605))
REPRESENTATION_ITEM('')
);
#43=(
BOUNDED_CURVE()
B_SPLINE_CURVE(2,(#2615,#2616,#2617),.UNSPECIFIED.,.F.,.F.)
B_SPLINE_CURVE_WITH_KNOTS((3,3),(0.0435050940110906,0.0925773249352561),
 .UNSPECIFIED.)
CURVE()
GEOMETRIC_REPRESENTATION_ITEM()
RATIONAL_B_SPLINE_CURVE((1.05375962560603,1.06769815111468,1.04468235557501))
REPRESENTATION_ITEM('')
);
#44=(
BOUNDED_CURVE()
B_SPLINE_CURVE(2,(#2619,#2620,#2621),.UNSPECIFIED.,.F.,.F.)
B_SPLINE_CURVE_WITH_KNOTS((3,3),(0.0147508181511642,0.016166773817362),
 .UNSPECIFIED.)
CURVE()
GEOMETRIC_REPRESENTATION_ITEM()
RATIONAL_B_SPLINE_CURVE((1.36635871120791,1.38324618661896,1.40000000000011))
REPRESENTATION_ITEM('')
);
#45=(
BOUNDED_CURVE()
B_SPLINE_CURVE(2,(#2624,#2625,#2626),.UNSPECIFIED.,.F.,.F.)
B_SPLINE_CURVE_WITH_KNOTS((3,3),(0.371131560803414,0.372547516469618),
 .UNSPECIFIED.)
CURVE()
GEOMETRIC_REPRESENTATION_ITEM()
RATIONAL_B_SPLINE_CURVE((1.4000000000005,1.38324618661928,1.36635871120814))
REPRESENTATION_ITEM('')
);
#46=(
BOUNDED_CURVE()
B_SPLINE_CURVE(2,(#2662,#2663,#2664),.UNSPECIFIED.,.F.,.F.)
B_SPLINE_CURVE_WITH_KNOTS((3,3),(0.155479810340417,0.204552041264583),
 .UNSPECIFIED.)
CURVE()
GEOMETRIC_REPRESENTATION_ITEM()
RATIONAL_B_SPLINE_CURVE((1.04468235557501,1.06769815111468,1.05375962560603))
REPRESENTATION_ITEM('')
);
#47=(
BOUNDED_CURVE()
B_SPLINE_CURVE(2,(#2670,#2671,#2672),.UNSPECIFIED.,.F.,.F.)
B_SPLINE_CURVE_WITH_KNOTS((3,3),(0.043505094011091,0.0925773249352572),
 .UNSPECIFIED.)
CURVE()
GEOMETRIC_REPRESENTATION_ITEM()
RATIONAL_B_SPLINE_CURVE((1.05375962560605,1.0676981511147,1.04468235557502))
REPRESENTATION_ITEM('')
);
#48=(
BOUNDED_CURVE()
B_SPLINE_CURVE(2,(#2674,#2675,#2676),.UNSPECIFIED.,.F.,.F.)
B_SPLINE_CURVE_WITH_KNOTS((3,3),(0.0147508181511639,0.0161667738173619),
 .UNSPECIFIED.)
CURVE()
GEOMETRIC_REPRESENTATION_ITEM()
RATIONAL_B_SPLINE_CURVE((1.3663587112079,1.38324618661896,1.4000000000001))
REPRESENTATION_ITEM('')
);
#49=(
BOUNDED_CURVE()
B_SPLINE_CURVE(2,(#2679,#2680,#2681),.UNSPECIFIED.,.F.,.F.)
B_SPLINE_CURVE_WITH_KNOTS((3,3),(0.371131560803444,0.372547516469644),
 .UNSPECIFIED.)
CURVE()
GEOMETRIC_REPRESENTATION_ITEM()
RATIONAL_B_SPLINE_CURVE((1.39999999999979,1.38324618661862,1.36635871120754))
REPRESENTATION_ITEM('')
);
#50=CIRCLE('',#1688,1.2);
#51=CIRCLE('',#1689,0.999999999999996);
#52=CIRCLE('',#1693,1.);
#53=CIRCLE('',#1694,1.2);
#54=CIRCLE('',#1698,1.2);
#55=CIRCLE('',#1699,0.999999999999996);
#56=CIRCLE('',#1704,1.);
#57=CIRCLE('',#1705,1.2);
#58=CIRCLE('',#1710,1.);
#59=CIRCLE('',#1714,1.);
#60=CIRCLE('',#1748,1.2);
#61=CIRCLE('',#1749,0.999999999999996);
#62=CIRCLE('',#1753,1.2);
#63=CIRCLE('',#1754,1.);
#64=CIRCLE('',#1758,1.2);
#65=CIRCLE('',#1759,0.999999999999996);
#66=CIRCLE('',#1764,1.2);
#67=CIRCLE('',#1765,1.);
#68=CIRCLE('',#1770,1.);
#69=CIRCLE('',#1774,1.);
#70=CONICAL_SURFACE('',#1687,1.1,0.785398163397449);
#71=CONICAL_SURFACE('',#1692,1.1,0.785398163397449);
#72=CONICAL_SURFACE('',#1697,1.1,0.785398163397449);
#73=CONICAL_SURFACE('',#1703,1.1,0.785398163397449);
#74=CONICAL_SURFACE('',#1747,1.1,0.785398163397449);
#75=CONICAL_SURFACE('',#1752,1.1,0.785398163397449);
#76=CONICAL_SURFACE('',#1757,1.1,0.785398163397449);
#77=CONICAL_SURFACE('',#1763,1.1,0.785398163397449);
#78=B_SPLINE_CURVE_WITH_KNOTS('',3,(#2289,#2290,#2291,#2292),
 .UNSPECIFIED.,.F.,.F.,(4,4),(0.,0.0289020461051914),.UNSPECIFIED.);
#79=B_SPLINE_CURVE_WITH_KNOTS('',3,(#2301,#2302,#2303,#2304),
 .UNSPECIFIED.,.F.,.F.,(4,4),(0.,0.0289043165203721),.UNSPECIFIED.);
#80=B_SPLINE_CURVE_WITH_KNOTS('',3,(#2344,#2345,#2346,#2347),
 .UNSPECIFIED.,.F.,.F.,(4,4),(0.,0.0289043165201286),.UNSPECIFIED.);
#81=B_SPLINE_CURVE_WITH_KNOTS('',3,(#2355,#2356,#2357,#2358),
 .UNSPECIFIED.,.F.,.F.,(4,4),(0.,0.0289043165202205),.UNSPECIFIED.);
#82=B_SPLINE_CURVE_WITH_KNOTS('',3,(#2582,#2583,#2584,#2585),
 .UNSPECIFIED.,.F.,.F.,(4,4),(0.,0.0289020461051914),.UNSPECIFIED.);
#83=B_SPLINE_CURVE_WITH_KNOTS('',3,(#2594,#2595,#2596,#2597),
 .UNSPECIFIED.,.F.,.F.,(4,4),(0.,0.0289043165203721),.UNSPECIFIED.);
#84=B_SPLINE_CURVE_WITH_KNOTS('',3,(#2637,#2638,#2639,#2640),
 .UNSPECIFIED.,.F.,.F.,(4,4),(0.,0.0289043165201286),.UNSPECIFIED.);
#85=B_SPLINE_CURVE_WITH_KNOTS('',3,(#2646,#2647,#2648,#2649),
 .UNSPECIFIED.,.F.,.F.,(4,4),(0.,0.0289043165202205),.UNSPECIFIED.);
#86=FACE_OUTER_BOUND('',#173,.T.);
#87=FACE_OUTER_BOUND('',#174,.T.);
#88=FACE_OUTER_BOUND('',#175,.T.);
#89=FACE_OUTER_BOUND('',#176,.T.);
#90=FACE_OUTER_BOUND('',#177,.T.);
#91=FACE_OUTER_BOUND('',#178,.T.);
#92=FACE_OUTER_BOUND('',#179,.T.);
#93=FACE_OUTER_BOUND('',#180,.T.);
#94=FACE_OUTER_BOUND('',#181,.T.);
#95=FACE_OUTER_BOUND('',#182,.T.);
#96=FACE_OUTER_BOUND('',#183,.T.);
#97=FACE_OUTER_BOUND('',#184,.T.);
#98=FACE_OUTER_BOUND('',#185,.T.);
#99=FACE_OUTER_BOUND('',#186,.T.);
#100=FACE_OUTER_BOUND('',#187,.T.);
#101=FACE_OUTER_BOUND('',#188,.T.);
#102=FACE_OUTER_BOUND('',#189,.T.);
#103=FACE_OUTER_BOUND('',#190,.T.);
#104=FACE_OUTER_BOUND('',#191,.T.);
#105=FACE_OUTER_BOUND('',#192,.T.);
#106=FACE_OUTER_BOUND('',#193,.T.);
#107=FACE_OUTER_BOUND('',#194,.T.);
#108=FACE_OUTER_BOUND('',#195,.T.);
#109=FACE_OUTER_BOUND('',#196,.T.);
#110=FACE_OUTER_BOUND('',#197,.T.);
#111=FACE_OUTER_BOUND('',#198,.T.);
#112=FACE_OUTER_BOUND('',#199,.T.);
#113=FACE_OUTER_BOUND('',#200,.T.);
#114=FACE_OUTER_BOUND('',#201,.T.);
#115=FACE_OUTER_BOUND('',#202,.T.);
#116=FACE_OUTER_BOUND('',#203,.T.);
#117=FACE_OUTER_BOUND('',#204,.T.);
#118=FACE_OUTER_BOUND('',#205,.T.);
#119=FACE_OUTER_BOUND('',#206,.T.);
#120=FACE_OUTER_BOUND('',#207,.T.);
#121=FACE_OUTER_BOUND('',#208,.T.);
#122=FACE_OUTER_BOUND('',#209,.T.);
#123=FACE_OUTER_BOUND('',#210,.T.);
#124=FACE_OUTER_BOUND('',#211,.T.);
#125=FACE_OUTER_BOUND('',#213,.T.);
#126=FACE_OUTER_BOUND('',#214,.T.);
#127=FACE_OUTER_BOUND('',#216,.T.);
#128=FACE_OUTER_BOUND('',#217,.T.);
#129=FACE_OUTER_BOUND('',#218,.T.);
#130=FACE_OUTER_BOUND('',#219,.T.);
#131=FACE_OUTER_BOUND('',#220,.T.);
#132=FACE_OUTER_BOUND('',#221,.T.);
#133=FACE_OUTER_BOUND('',#222,.T.);
#134=FACE_OUTER_BOUND('',#223,.T.);
#135=FACE_OUTER_BOUND('',#224,.T.);
#136=FACE_OUTER_BOUND('',#225,.T.);
#137=FACE_OUTER_BOUND('',#226,.T.);
#138=FACE_OUTER_BOUND('',#227,.T.);
#139=FACE_OUTER_BOUND('',#228,.T.);
#140=FACE_OUTER_BOUND('',#229,.T.);
#141=FACE_OUTER_BOUND('',#230,.T.);
#142=FACE_OUTER_BOUND('',#231,.T.);
#143=FACE_OUTER_BOUND('',#233,.T.);
#144=FACE_OUTER_BOUND('',#234,.T.);
#145=FACE_OUTER_BOUND('',#235,.T.);
#146=FACE_OUTER_BOUND('',#236,.T.);
#147=FACE_OUTER_BOUND('',#237,.T.);
#148=FACE_OUTER_BOUND('',#238,.T.);
#149=FACE_OUTER_BOUND('',#239,.T.);
#150=FACE_OUTER_BOUND('',#240,.T.);
#151=FACE_OUTER_BOUND('',#241,.T.);
#152=FACE_OUTER_BOUND('',#242,.T.);
#153=FACE_OUTER_BOUND('',#243,.T.);
#154=FACE_OUTER_BOUND('',#244,.T.);
#155=FACE_OUTER_BOUND('',#245,.T.);
#156=FACE_OUTER_BOUND('',#246,.T.);
#157=FACE_OUTER_BOUND('',#247,.T.);
#158=FACE_OUTER_BOUND('',#248,.T.);
#159=FACE_OUTER_BOUND('',#249,.T.);
#160=FACE_OUTER_BOUND('',#250,.T.);
#161=FACE_OUTER_BOUND('',#251,.T.);
#162=FACE_OUTER_BOUND('',#252,.T.);
#163=FACE_OUTER_BOUND('',#253,.T.);
#164=FACE_OUTER_BOUND('',#254,.T.);
#165=FACE_OUTER_BOUND('',#255,.T.);
#166=FACE_OUTER_BOUND('',#256,.T.);
#167=FACE_OUTER_BOUND('',#257,.T.);
#168=FACE_OUTER_BOUND('',#258,.T.);
#169=FACE_OUTER_BOUND('',#259,.T.);
#170=FACE_OUTER_BOUND('',#260,.T.);
#171=FACE_OUTER_BOUND('',#261,.T.);
#172=FACE_OUTER_BOUND('',#262,.T.);
#173=EDGE_LOOP('',(#1033,#1034,#1035,#1036));
#174=EDGE_LOOP('',(#1037,#1038,#1039,#1040,#1041,#1042,#1043,#1044));
#175=EDGE_LOOP('',(#1045,#1046,#1047,#1048));
#176=EDGE_LOOP('',(#1049,#1050,#1051,#1052));
#177=EDGE_LOOP('',(#1053,#1054,#1055,#1056,#1057,#1058));
#178=EDGE_LOOP('',(#1059,#1060,#1061,#1062));
#179=EDGE_LOOP('',(#1063,#1064,#1065,#1066));
#180=EDGE_LOOP('',(#1067,#1068,#1069,#1070));
#181=EDGE_LOOP('',(#1071,#1072,#1073,#1074));
#182=EDGE_LOOP('',(#1075,#1076,#1077,#1078));
#183=EDGE_LOOP('',(#1079,#1080,#1081,#1082));
#184=EDGE_LOOP('',(#1083,#1084,#1085,#1086));
#185=EDGE_LOOP('',(#1087,#1088,#1089,#1090));
#186=EDGE_LOOP('',(#1091,#1092,#1093,#1094));
#187=EDGE_LOOP('',(#1095,#1096,#1097,#1098));
#188=EDGE_LOOP('',(#1099,#1100,#1101,#1102));
#189=EDGE_LOOP('',(#1103,#1104,#1105,#1106,#1107,#1108));
#190=EDGE_LOOP('',(#1109,#1110,#1111,#1112));
#191=EDGE_LOOP('',(#1113,#1114,#1115,#1116));
#192=EDGE_LOOP('',(#1117,#1118,#1119,#1120));
#193=EDGE_LOOP('',(#1121,#1122,#1123,#1124));
#194=EDGE_LOOP('',(#1125,#1126,#1127,#1128));
#195=EDGE_LOOP('',(#1129,#1130,#1131,#1132));
#196=EDGE_LOOP('',(#1133,#1134,#1135,#1136,#1137,#1138));
#197=EDGE_LOOP('',(#1139,#1140,#1141,#1142));
#198=EDGE_LOOP('',(#1143,#1144,#1145,#1146));
#199=EDGE_LOOP('',(#1147,#1148,#1149,#1150));
#200=EDGE_LOOP('',(#1151,#1152,#1153,#1154));
#201=EDGE_LOOP('',(#1155,#1156,#1157,#1158,#1159,#1160,#1161,#1162,#1163,
#1164));
#202=EDGE_LOOP('',(#1165,#1166,#1167,#1168,#1169,#1170,#1171,#1172,#1173,
#1174));
#203=EDGE_LOOP('',(#1175,#1176,#1177,#1178));
#204=EDGE_LOOP('',(#1179,#1180,#1181,#1182));
#205=EDGE_LOOP('',(#1183,#1184,#1185,#1186));
#206=EDGE_LOOP('',(#1187,#1188,#1189,#1190));
#207=EDGE_LOOP('',(#1191,#1192,#1193,#1194));
#208=EDGE_LOOP('',(#1195,#1196,#1197,#1198));
#209=EDGE_LOOP('',(#1199,#1200,#1201,#1202));
#210=EDGE_LOOP('',(#1203,#1204,#1205,#1206,#1207,#1208,#1209,#1210));
#211=EDGE_LOOP('',(#1211,#1212,#1213,#1214,#1215,#1216,#1217,#1218,#1219,
#1220,#1221,#1222,#1223,#1224,#1225,#1226));
#212=EDGE_LOOP('',(#1227,#1228,#1229,#1230,#1231,#1232,#1233,#1234,#1235,
#1236,#1237,#1238,#1239,#1240));
#213=EDGE_LOOP('',(#1241,#1242,#1243,#1244,#1245,#1246,#1247,#1248));
#214=EDGE_LOOP('',(#1249,#1250,#1251,#1252));
#215=EDGE_LOOP('',(#1253,#1254,#1255,#1256));
#216=EDGE_LOOP('',(#1257,#1258,#1259,#1260,#1261,#1262));
#217=EDGE_LOOP('',(#1263,#1264,#1265,#1266));
#218=EDGE_LOOP('',(#1267,#1268,#1269,#1270,#1271,#1272));
#219=EDGE_LOOP('',(#1273,#1274,#1275,#1276));
#220=EDGE_LOOP('',(#1277,#1278,#1279,#1280,#1281,#1282));
#221=EDGE_LOOP('',(#1283,#1284,#1285,#1286));
#222=EDGE_LOOP('',(#1287,#1288,#1289,#1290));
#223=EDGE_LOOP('',(#1291,#1292,#1293,#1294));
#224=EDGE_LOOP('',(#1295,#1296,#1297,#1298));
#225=EDGE_LOOP('',(#1299,#1300,#1301,#1302));
#226=EDGE_LOOP('',(#1303,#1304,#1305,#1306));
#227=EDGE_LOOP('',(#1307,#1308,#1309,#1310));
#228=EDGE_LOOP('',(#1311,#1312,#1313,#1314));
#229=EDGE_LOOP('',(#1315,#1316,#1317,#1318));
#230=EDGE_LOOP('',(#1319,#1320,#1321,#1322));
#231=EDGE_LOOP('',(#1323,#1324,#1325,#1326));
#232=EDGE_LOOP('',(#1327,#1328,#1329,#1330));
#233=EDGE_LOOP('',(#1331,#1332,#1333,#1334));
#234=EDGE_LOOP('',(#1335,#1336,#1337,#1338));
#235=EDGE_LOOP('',(#1339,#1340,#1341,#1342));
#236=EDGE_LOOP('',(#1343,#1344,#1345,#1346));
#237=EDGE_LOOP('',(#1347,#1348,#1349,#1350));
#238=EDGE_LOOP('',(#1351,#1352,#1353,#1354));
#239=EDGE_LOOP('',(#1355,#1356,#1357,#1358));
#240=EDGE_LOOP('',(#1359,#1360,#1361,#1362));
#241=EDGE_LOOP('',(#1363,#1364,#1365,#1366));
#242=EDGE_LOOP('',(#1367,#1368,#1369,#1370,#1371,#1372));
#243=EDGE_LOOP('',(#1373,#1374,#1375,#1376));
#244=EDGE_LOOP('',(#1377,#1378,#1379,#1380));
#245=EDGE_LOOP('',(#1381,#1382,#1383,#1384));
#246=EDGE_LOOP('',(#1385,#1386,#1387,#1388));
#247=EDGE_LOOP('',(#1389,#1390,#1391,#1392));
#248=EDGE_LOOP('',(#1393,#1394,#1395,#1396));
#249=EDGE_LOOP('',(#1397,#1398,#1399,#1400,#1401,#1402));
#250=EDGE_LOOP('',(#1403,#1404,#1405,#1406));
#251=EDGE_LOOP('',(#1407,#1408,#1409,#1410));
#252=EDGE_LOOP('',(#1411,#1412,#1413,#1414));
#253=EDGE_LOOP('',(#1415,#1416,#1417,#1418));
#254=EDGE_LOOP('',(#1419,#1420,#1421,#1422,#1423,#1424,#1425,#1426,#1427,
#1428));
#255=EDGE_LOOP('',(#1429,#1430,#1431,#1432,#1433,#1434,#1435,#1436,#1437,
#1438));
#256=EDGE_LOOP('',(#1439,#1440,#1441,#1442));
#257=EDGE_LOOP('',(#1443,#1444,#1445,#1446));
#258=EDGE_LOOP('',(#1447,#1448,#1449,#1450));
#259=EDGE_LOOP('',(#1451,#1452,#1453,#1454));
#260=EDGE_LOOP('',(#1455,#1456,#1457,#1458));
#261=EDGE_LOOP('',(#1459,#1460,#1461,#1462));
#262=EDGE_LOOP('',(#1463,#1464,#1465,#1466,#1467,#1468,#1469,#1470,#1471,
#1472,#1473,#1474,#1475,#1476,#1477,#1478,#1479,#1480,#1481,#1482,#1483,
#1484,#1485,#1486,#1487,#1488,#1489,#1490,#1491,#1492));
#263=EDGE_LOOP('',(#1493,#1494));
#264=EDGE_LOOP('',(#1495,#1496));
#265=EDGE_LOOP('',(#1497,#1498));
#266=EDGE_LOOP('',(#1499,#1500));
#267=LINE('',#2197,#457);
#268=LINE('',#2199,#458);
#269=LINE('',#2201,#459);
#270=LINE('',#2202,#460);
#271=LINE('',#2206,#461);
#272=LINE('',#2208,#462);
#273=LINE('',#2210,#463);
#274=LINE('',#2212,#464);
#275=LINE('',#2214,#465);
#276=LINE('',#2216,#466);
#277=LINE('',#2218,#467);
#278=LINE('',#2219,#468);
#279=LINE('',#2222,#469);
#280=LINE('',#2224,#470);
#281=LINE('',#2225,#471);
#282=LINE('',#2229,#472);
#283=LINE('',#2231,#473);
#284=LINE('',#2233,#474);
#285=LINE('',#2234,#475);
#286=LINE('',#2237,#476);
#287=LINE('',#2239,#477);
#288=LINE('',#2241,#478);
#289=LINE('',#2243,#479);
#290=LINE('',#2244,#480);
#291=LINE('',#2248,#481);
#292=LINE('',#2250,#482);
#293=LINE('',#2252,#483);
#294=LINE('',#2253,#484);
#295=LINE('',#2255,#485);
#296=LINE('',#2256,#486);
#297=LINE('',#2260,#487);
#298=LINE('',#2262,#488);
#299=LINE('',#2264,#489);
#300=LINE('',#2265,#490);
#301=LINE('',#2267,#491);
#302=LINE('',#2268,#492);
#303=LINE('',#2272,#493);
#304=LINE('',#2274,#494);
#305=LINE('',#2276,#495);
#306=LINE('',#2277,#496);
#307=LINE('',#2280,#497);
#308=LINE('',#2282,#498);
#309=LINE('',#2283,#499);
#310=LINE('',#2287,#500);
#311=LINE('',#2294,#501);
#312=LINE('',#2295,#502);
#313=LINE('',#2299,#503);
#314=LINE('',#2306,#504);
#315=LINE('',#2307,#505);
#316=LINE('',#2312,#506);
#317=LINE('',#2315,#507);
#318=LINE('',#2320,#508);
#319=LINE('',#2338,#509);
#320=LINE('',#2342,#510);
#321=LINE('',#2349,#511);
#322=LINE('',#2350,#512);
#323=LINE('',#2362,#513);
#324=LINE('',#2364,#514);
#325=LINE('',#2365,#515);
#326=LINE('',#2367,#516);
#327=LINE('',#2370,#517);
#328=LINE('',#2375,#518);
#329=LINE('',#2393,#519);
#330=LINE('',#2395,#520);
#331=LINE('',#2397,#521);
#332=LINE('',#2400,#522);
#333=LINE('',#2403,#523);
#334=LINE('',#2405,#524);
#335=LINE('',#2408,#525);
#336=LINE('',#2410,#526);
#337=LINE('',#2411,#527);
#338=LINE('',#2416,#528);
#339=LINE('',#2418,#529);
#340=LINE('',#2419,#530);
#341=LINE('',#2422,#531);
#342=LINE('',#2424,#532);
#343=LINE('',#2425,#533);
#344=LINE('',#2428,#534);
#345=LINE('',#2430,#535);
#346=LINE('',#2431,#536);
#347=LINE('',#2434,#537);
#348=LINE('',#2436,#538);
#349=LINE('',#2437,#539);
#350=LINE('',#2439,#540);
#351=LINE('',#2440,#541);
#352=LINE('',#2444,#542);
#353=LINE('',#2446,#543);
#354=LINE('',#2448,#544);
#355=LINE('',#2449,#545);
#356=LINE('',#2451,#546);
#357=LINE('',#2452,#547);
#358=LINE('',#2454,#548);
#359=LINE('',#2456,#549);
#360=LINE('',#2457,#550);
#361=LINE('',#2460,#551);
#362=LINE('',#2462,#552);
#363=LINE('',#2464,#553);
#364=LINE('',#2466,#554);
#365=LINE('',#2468,#555);
#366=LINE('',#2470,#556);
#367=LINE('',#2471,#557);
#368=LINE('',#2473,#558);
#369=LINE('',#2475,#559);
#370=LINE('',#2477,#560);
#371=LINE('',#2479,#561);
#372=LINE('',#2481,#562);
#373=LINE('',#2483,#563);
#374=LINE('',#2485,#564);
#375=LINE('',#2486,#565);
#376=LINE('',#2490,#566);
#377=LINE('',#2492,#567);
#378=LINE('',#2494,#568);
#379=LINE('',#2495,#569);
#380=LINE('',#2497,#570);
#381=LINE('',#2499,#571);
#382=LINE('',#2500,#572);
#383=LINE('',#2502,#573);
#384=LINE('',#2504,#574);
#385=LINE('',#2506,#575);
#386=LINE('',#2507,#576);
#387=LINE('',#2510,#577);
#388=LINE('',#2511,#578);
#389=LINE('',#2514,#579);
#390=LINE('',#2515,#580);
#391=LINE('',#2517,#581);
#392=LINE('',#2518,#582);
#393=LINE('',#2521,#583);
#394=LINE('',#2523,#584);
#395=LINE('',#2524,#585);
#396=LINE('',#2526,#586);
#397=LINE('',#2528,#587);
#398=LINE('',#2529,#588);
#399=LINE('',#2533,#589);
#400=LINE('',#2534,#590);
#401=LINE('',#2535,#591);
#402=LINE('',#2537,#592);
#403=LINE('',#2541,#593);
#404=LINE('',#2542,#594);
#405=LINE('',#2543,#595);
#406=LINE('',#2545,#596);
#407=LINE('',#2548,#597);
#408=LINE('',#2549,#598);
#409=LINE('',#2552,#599);
#410=LINE('',#2553,#600);
#411=LINE('',#2555,#601);
#412=LINE('',#2558,#602);
#413=LINE('',#2559,#603);
#414=LINE('',#2562,#604);
#415=LINE('',#2563,#605);
#416=LINE('',#2565,#606);
#417=LINE('',#2567,#607);
#418=LINE('',#2570,#608);
#419=LINE('',#2572,#609);
#420=LINE('',#2577,#610);
#421=LINE('',#2579,#611);
#422=LINE('',#2581,#612);
#423=LINE('',#2589,#613);
#424=LINE('',#2591,#614);
#425=LINE('',#2593,#615);
#426=LINE('',#2602,#616);
#427=LINE('',#2605,#617);
#428=LINE('',#2610,#618);
#429=LINE('',#2628,#619);
#430=LINE('',#2632,#620);
#431=LINE('',#2634,#621);
#432=LINE('',#2636,#622);
#433=LINE('',#2652,#623);
#434=LINE('',#2654,#624);
#435=LINE('',#2655,#625);
#436=LINE('',#2657,#626);
#437=LINE('',#2660,#627);
#438=LINE('',#2665,#628);
#439=LINE('',#2683,#629);
#440=LINE('',#2685,#630);
#441=LINE('',#2687,#631);
#442=LINE('',#2690,#632);
#443=LINE('',#2693,#633);
#444=LINE('',#2695,#634);
#445=LINE('',#2698,#635);
#446=LINE('',#2700,#636);
#447=LINE('',#2701,#637);
#448=LINE('',#2706,#638);
#449=LINE('',#2707,#639);
#450=LINE('',#2710,#640);
#451=LINE('',#2711,#641);
#452=LINE('',#2714,#642);
#453=LINE('',#2715,#643);
#454=LINE('',#2718,#644);
#455=LINE('',#2719,#645);
#456=LINE('',#2721,#646);
#457=VECTOR('',#1788,10.);
#458=VECTOR('',#1789,10.);
#459=VECTOR('',#1790,10.);
#460=VECTOR('',#1791,10.);
#461=VECTOR('',#1794,10.);
#462=VECTOR('',#1795,10.);
#463=VECTOR('',#1796,10.);
#464=VECTOR('',#1797,10.);
#465=VECTOR('',#1798,10.);
#466=VECTOR('',#1799,10.);
#467=VECTOR('',#1800,10.);
#468=VECTOR('',#1801,10.);
#469=VECTOR('',#1804,10.);
#470=VECTOR('',#1805,10.);
#471=VECTOR('',#1806,10.);
#472=VECTOR('',#1809,10.);
#473=VECTOR('',#1810,10.);
#474=VECTOR('',#1811,10.);
#475=VECTOR('',#1812,10.);
#476=VECTOR('',#1815,10.);
#477=VECTOR('',#1816,10.);
#478=VECTOR('',#1817,10.);
#479=VECTOR('',#1818,10.);
#480=VECTOR('',#1819,10.);
#481=VECTOR('',#1822,10.);
#482=VECTOR('',#1823,10.);
#483=VECTOR('',#1824,10.);
#484=VECTOR('',#1825,10.);
#485=VECTOR('',#1828,10.);
#486=VECTOR('',#1829,10.);
#487=VECTOR('',#1832,10.);
#488=VECTOR('',#1833,10.);
#489=VECTOR('',#1834,10.);
#490=VECTOR('',#1835,10.);
#491=VECTOR('',#1838,10.);
#492=VECTOR('',#1839,10.);
#493=VECTOR('',#1842,10.);
#494=VECTOR('',#1843,10.);
#495=VECTOR('',#1844,10.);
#496=VECTOR('',#1845,10.);
#497=VECTOR('',#1848,10.);
#498=VECTOR('',#1849,10.);
#499=VECTOR('',#1850,10.);
#500=VECTOR('',#1853,10.);
#501=VECTOR('',#1854,10.);
#502=VECTOR('',#1855,10.);
#503=VECTOR('',#1858,10.);
#504=VECTOR('',#1859,10.);
#505=VECTOR('',#1860,10.);
#506=VECTOR('',#1869,10.);
#507=VECTOR('',#1872,10.);
#508=VECTOR('',#1873,10.);
#509=VECTOR('',#1882,10.);
#510=VECTOR('',#1885,10.);
#511=VECTOR('',#1886,10.);
#512=VECTOR('',#1887,10.);
#513=VECTOR('',#1896,10.);
#514=VECTOR('',#1897,10.);
#515=VECTOR('',#1898,10.);
#516=VECTOR('',#1901,10.);
#517=VECTOR('',#1904,10.);
#518=VECTOR('',#1905,10.);
#519=VECTOR('',#1914,10.);
#520=VECTOR('',#1917,10.);
#521=VECTOR('',#1920,10.);
#522=VECTOR('',#1923,10.);
#523=VECTOR('',#1926,10.);
#524=VECTOR('',#1929,10.);
#525=VECTOR('',#1932,10.);
#526=VECTOR('',#1933,10.);
#527=VECTOR('',#1934,10.);
#528=VECTOR('',#1941,10.);
#529=VECTOR('',#1942,10.);
#530=VECTOR('',#1943,10.);
#531=VECTOR('',#1946,10.);
#532=VECTOR('',#1947,10.);
#533=VECTOR('',#1948,10.);
#534=VECTOR('',#1951,10.);
#535=VECTOR('',#1952,10.);
#536=VECTOR('',#1953,10.);
#537=VECTOR('',#1956,10.);
#538=VECTOR('',#1957,10.);
#539=VECTOR('',#1958,10.);
#540=VECTOR('',#1961,10.);
#541=VECTOR('',#1962,10.);
#542=VECTOR('',#1965,10.);
#543=VECTOR('',#1966,10.);
#544=VECTOR('',#1967,10.);
#545=VECTOR('',#1968,10.);
#546=VECTOR('',#1971,10.);
#547=VECTOR('',#1972,10.);
#548=VECTOR('',#1973,10.);
#549=VECTOR('',#1974,10.);
#550=VECTOR('',#1975,10.);
#551=VECTOR('',#1978,10.);
#552=VECTOR('',#1979,10.);
#553=VECTOR('',#1980,10.);
#554=VECTOR('',#1981,10.);
#555=VECTOR('',#1982,10.);
#556=VECTOR('',#1983,10.);
#557=VECTOR('',#1984,10.);
#558=VECTOR('',#1985,10.);
#559=VECTOR('',#1986,10.);
#560=VECTOR('',#1987,10.);
#561=VECTOR('',#1988,10.);
#562=VECTOR('',#1989,10.);
#563=VECTOR('',#1990,10.);
#564=VECTOR('',#1991,10.);
#565=VECTOR('',#1992,10.);
#566=VECTOR('',#1995,10.);
#567=VECTOR('',#1996,10.);
#568=VECTOR('',#1997,10.);
#569=VECTOR('',#1998,10.);
#570=VECTOR('',#1999,10.);
#571=VECTOR('',#2000,10.);
#572=VECTOR('',#2001,10.);
#573=VECTOR('',#2004,10.);
#574=VECTOR('',#2005,10.);
#575=VECTOR('',#2006,10.);
#576=VECTOR('',#2007,10.);
#577=VECTOR('',#2010,10.);
#578=VECTOR('',#2011,10.);
#579=VECTOR('',#2014,10.);
#580=VECTOR('',#2015,10.);
#581=VECTOR('',#2018,10.);
#582=VECTOR('',#2019,10.);
#583=VECTOR('',#2022,10.);
#584=VECTOR('',#2023,10.);
#585=VECTOR('',#2024,10.);
#586=VECTOR('',#2027,10.);
#587=VECTOR('',#2028,10.);
#588=VECTOR('',#2029,10.);
#589=VECTOR('',#2032,10.);
#590=VECTOR('',#2033,10.);
#591=VECTOR('',#2034,10.);
#592=VECTOR('',#2037,10.);
#593=VECTOR('',#2040,10.);
#594=VECTOR('',#2041,10.);
#595=VECTOR('',#2042,10.);
#596=VECTOR('',#2045,10.);
#597=VECTOR('',#2048,10.);
#598=VECTOR('',#2049,10.);
#599=VECTOR('',#2052,10.);
#600=VECTOR('',#2053,10.);
#601=VECTOR('',#2056,10.);
#602=VECTOR('',#2059,10.);
#603=VECTOR('',#2060,10.);
#604=VECTOR('',#2063,10.);
#605=VECTOR('',#2064,10.);
#606=VECTOR('',#2067,10.);
#607=VECTOR('',#2070,10.);
#608=VECTOR('',#2075,10.);
#609=VECTOR('',#2078,10.);
#610=VECTOR('',#2083,10.);
#611=VECTOR('',#2084,10.);
#612=VECTOR('',#2085,10.);
#613=VECTOR('',#2088,10.);
#614=VECTOR('',#2089,10.);
#615=VECTOR('',#2090,10.);
#616=VECTOR('',#2099,10.);
#617=VECTOR('',#2102,10.);
#618=VECTOR('',#2103,10.);
#619=VECTOR('',#2112,10.);
#620=VECTOR('',#2115,10.);
#621=VECTOR('',#2116,10.);
#622=VECTOR('',#2117,10.);
#623=VECTOR('',#2126,10.);
#624=VECTOR('',#2127,10.);
#625=VECTOR('',#2128,10.);
#626=VECTOR('',#2131,10.);
#627=VECTOR('',#2134,10.);
#628=VECTOR('',#2135,10.);
#629=VECTOR('',#2144,10.);
#630=VECTOR('',#2147,10.);
#631=VECTOR('',#2150,10.);
#632=VECTOR('',#2153,10.);
#633=VECTOR('',#2156,10.);
#634=VECTOR('',#2159,10.);
#635=VECTOR('',#2162,10.);
#636=VECTOR('',#2163,10.);
#637=VECTOR('',#2164,10.);
#638=VECTOR('',#2171,10.);
#639=VECTOR('',#2172,10.);
#640=VECTOR('',#2175,10.);
#641=VECTOR('',#2176,10.);
#642=VECTOR('',#2179,10.);
#643=VECTOR('',#2180,10.);
#644=VECTOR('',#2183,10.);
#645=VECTOR('',#2184,10.);
#646=VECTOR('',#2187,10.);
#647=VERTEX_POINT('',#2195);
#648=VERTEX_POINT('',#2196);
#649=VERTEX_POINT('',#2198);
#650=VERTEX_POINT('',#2200);
#651=VERTEX_POINT('',#2204);
#652=VERTEX_POINT('',#2205);
#653=VERTEX_POINT('',#2207);
#654=VERTEX_POINT('',#2209);
#655=VERTEX_POINT('',#2211);
#656=VERTEX_POINT('',#2213);
#657=VERTEX_POINT('',#2215);
#658=VERTEX_POINT('',#2217);
#659=VERTEX_POINT('',#2221);
#660=VERTEX_POINT('',#2223);
#661=VERTEX_POINT('',#2227);
#662=VERTEX_POINT('',#2228);
#663=VERTEX_POINT('',#2230);
#664=VERTEX_POINT('',#2232);
#665=VERTEX_POINT('',#2236);
#666=VERTEX_POINT('',#2238);
#667=VERTEX_POINT('',#2240);
#668=VERTEX_POINT('',#2242);
#669=VERTEX_POINT('',#2246);
#670=VERTEX_POINT('',#2247);
#671=VERTEX_POINT('',#2249);
#672=VERTEX_POINT('',#2251);
#673=VERTEX_POINT('',#2258);
#674=VERTEX_POINT('',#2259);
#675=VERTEX_POINT('',#2261);
#676=VERTEX_POINT('',#2263);
#677=VERTEX_POINT('',#2270);
#678=VERTEX_POINT('',#2271);
#679=VERTEX_POINT('',#2273);
#680=VERTEX_POINT('',#2275);
#681=VERTEX_POINT('',#2279);
#682=VERTEX_POINT('',#2281);
#683=VERTEX_POINT('',#2285);
#684=VERTEX_POINT('',#2286);
#685=VERTEX_POINT('',#2288);
#686=VERTEX_POINT('',#2293);
#687=VERTEX_POINT('',#2297);
#688=VERTEX_POINT('',#2298);
#689=VERTEX_POINT('',#2300);
#690=VERTEX_POINT('',#2305);
#691=VERTEX_POINT('',#2314);
#692=VERTEX_POINT('',#2316);
#693=VERTEX_POINT('',#2322);
#694=VERTEX_POINT('',#2326);
#695=VERTEX_POINT('',#2328);
#696=VERTEX_POINT('',#2332);
#697=VERTEX_POINT('',#2340);
#698=VERTEX_POINT('',#2341);
#699=VERTEX_POINT('',#2343);
#700=VERTEX_POINT('',#2348);
#701=VERTEX_POINT('',#2352);
#702=VERTEX_POINT('',#2354);
#703=VERTEX_POINT('',#2361);
#704=VERTEX_POINT('',#2363);
#705=VERTEX_POINT('',#2369);
#706=VERTEX_POINT('',#2371);
#707=VERTEX_POINT('',#2377);
#708=VERTEX_POINT('',#2381);
#709=VERTEX_POINT('',#2383);
#710=VERTEX_POINT('',#2387);
#711=VERTEX_POINT('',#2399);
#712=VERTEX_POINT('',#2401);
#713=VERTEX_POINT('',#2407);
#714=VERTEX_POINT('',#2409);
#715=VERTEX_POINT('',#2415);
#716=VERTEX_POINT('',#2417);
#717=VERTEX_POINT('',#2421);
#718=VERTEX_POINT('',#2423);
#719=VERTEX_POINT('',#2427);
#720=VERTEX_POINT('',#2429);
#721=VERTEX_POINT('',#2433);
#722=VERTEX_POINT('',#2435);
#723=VERTEX_POINT('',#2442);
#724=VERTEX_POINT('',#2443);
#725=VERTEX_POINT('',#2445);
#726=VERTEX_POINT('',#2447);
#727=VERTEX_POINT('',#2453);
#728=VERTEX_POINT('',#2455);
#729=VERTEX_POINT('',#2459);
#730=VERTEX_POINT('',#2461);
#731=VERTEX_POINT('',#2463);
#732=VERTEX_POINT('',#2465);
#733=VERTEX_POINT('',#2467);
#734=VERTEX_POINT('',#2469);
#735=VERTEX_POINT('',#2472);
#736=VERTEX_POINT('',#2474);
#737=VERTEX_POINT('',#2476);
#738=VERTEX_POINT('',#2478);
#739=VERTEX_POINT('',#2480);
#740=VERTEX_POINT('',#2482);
#741=VERTEX_POINT('',#2484);
#742=VERTEX_POINT('',#2488);
#743=VERTEX_POINT('',#2489);
#744=VERTEX_POINT('',#2491);
#745=VERTEX_POINT('',#2493);
#746=VERTEX_POINT('',#2496);
#747=VERTEX_POINT('',#2498);
#748=VERTEX_POINT('',#2503);
#749=VERTEX_POINT('',#2505);
#750=VERTEX_POINT('',#2509);
#751=VERTEX_POINT('',#2513);
#752=VERTEX_POINT('',#2520);
#753=VERTEX_POINT('',#2522);
#754=VERTEX_POINT('',#2527);
#755=VERTEX_POINT('',#2531);
#756=VERTEX_POINT('',#2532);
#757=VERTEX_POINT('',#2539);
#758=VERTEX_POINT('',#2540);
#759=VERTEX_POINT('',#2547);
#760=VERTEX_POINT('',#2551);
#761=VERTEX_POINT('',#2557);
#762=VERTEX_POINT('',#2561);
#763=VERTEX_POINT('',#2575);
#764=VERTEX_POINT('',#2576);
#765=VERTEX_POINT('',#2578);
#766=VERTEX_POINT('',#2580);
#767=VERTEX_POINT('',#2587);
#768=VERTEX_POINT('',#2588);
#769=VERTEX_POINT('',#2590);
#770=VERTEX_POINT('',#2592);
#771=VERTEX_POINT('',#2604);
#772=VERTEX_POINT('',#2606);
#773=VERTEX_POINT('',#2612);
#774=VERTEX_POINT('',#2614);
#775=VERTEX_POINT('',#2618);
#776=VERTEX_POINT('',#2622);
#777=VERTEX_POINT('',#2630);
#778=VERTEX_POINT('',#2631);
#779=VERTEX_POINT('',#2633);
#780=VERTEX_POINT('',#2635);
#781=VERTEX_POINT('',#2642);
#782=VERTEX_POINT('',#2644);
#783=VERTEX_POINT('',#2651);
#784=VERTEX_POINT('',#2653);
#785=VERTEX_POINT('',#2659);
#786=VERTEX_POINT('',#2661);
#787=VERTEX_POINT('',#2667);
#788=VERTEX_POINT('',#2669);
#789=VERTEX_POINT('',#2673);
#790=VERTEX_POINT('',#2677);
#791=VERTEX_POINT('',#2689);
#792=VERTEX_POINT('',#2691);
#793=VERTEX_POINT('',#2697);
#794=VERTEX_POINT('',#2699);
#795=VERTEX_POINT('',#2705);
#796=VERTEX_POINT('',#2709);
#797=VERTEX_POINT('',#2713);
#798=VERTEX_POINT('',#2717);
#799=EDGE_CURVE('',#647,#648,#267,.T.);
#800=EDGE_CURVE('',#649,#647,#268,.T.);
#801=EDGE_CURVE('',#650,#649,#269,.T.);
#802=EDGE_CURVE('',#648,#650,#270,.T.);
#803=EDGE_CURVE('',#651,#652,#271,.T.);
#804=EDGE_CURVE('',#653,#651,#272,.T.);
#805=EDGE_CURVE('',#654,#653,#273,.T.);
#806=EDGE_CURVE('',#654,#655,#274,.T.);
#807=EDGE_CURVE('',#656,#655,#275,.T.);
#808=EDGE_CURVE('',#657,#656,#276,.T.);
#809=EDGE_CURVE('',#658,#657,#277,.T.);
#810=EDGE_CURVE('',#652,#658,#278,.T.);
#811=EDGE_CURVE('',#659,#658,#279,.T.);
#812=EDGE_CURVE('',#660,#659,#280,.T.);
#813=EDGE_CURVE('',#652,#660,#281,.T.);
#814=EDGE_CURVE('',#661,#662,#282,.T.);
#815=EDGE_CURVE('',#663,#661,#283,.T.);
#816=EDGE_CURVE('',#664,#663,#284,.T.);
#817=EDGE_CURVE('',#662,#664,#285,.T.);
#818=EDGE_CURVE('',#661,#665,#286,.T.);
#819=EDGE_CURVE('',#666,#665,#287,.T.);
#820=EDGE_CURVE('',#667,#666,#288,.T.);
#821=EDGE_CURVE('',#668,#667,#289,.T.);
#822=EDGE_CURVE('',#663,#668,#290,.T.);
#823=EDGE_CURVE('',#669,#670,#291,.T.);
#824=EDGE_CURVE('',#671,#669,#292,.T.);
#825=EDGE_CURVE('',#672,#671,#293,.T.);
#826=EDGE_CURVE('',#670,#672,#294,.T.);
#827=EDGE_CURVE('',#670,#664,#295,.T.);
#828=EDGE_CURVE('',#672,#662,#296,.T.);
#829=EDGE_CURVE('',#673,#674,#297,.T.);
#830=EDGE_CURVE('',#675,#673,#298,.T.);
#831=EDGE_CURVE('',#676,#675,#299,.T.);
#832=EDGE_CURVE('',#674,#676,#300,.T.);
#833=EDGE_CURVE('',#674,#669,#301,.T.);
#834=EDGE_CURVE('',#676,#671,#302,.T.);
#835=EDGE_CURVE('',#677,#678,#303,.T.);
#836=EDGE_CURVE('',#677,#679,#304,.T.);
#837=EDGE_CURVE('',#680,#679,#305,.T.);
#838=EDGE_CURVE('',#678,#680,#306,.T.);
#839=EDGE_CURVE('',#679,#681,#307,.T.);
#840=EDGE_CURVE('',#681,#682,#308,.T.);
#841=EDGE_CURVE('',#680,#682,#309,.T.);
#842=EDGE_CURVE('',#683,#684,#310,.T.);
#843=EDGE_CURVE('',#685,#683,#78,.T.);
#844=EDGE_CURVE('',#686,#685,#311,.T.);
#845=EDGE_CURVE('',#684,#686,#312,.T.);
#846=EDGE_CURVE('',#687,#688,#313,.T.);
#847=EDGE_CURVE('',#689,#687,#79,.T.);
#848=EDGE_CURVE('',#690,#689,#314,.T.);
#849=EDGE_CURVE('',#688,#690,#315,.T.);
#850=EDGE_CURVE('',#685,#687,#50,.T.);
#851=EDGE_CURVE('',#689,#683,#51,.T.);
#852=EDGE_CURVE('',#684,#690,#316,.T.);
#853=EDGE_CURVE('',#691,#688,#317,.T.);
#854=EDGE_CURVE('',#691,#692,#34,.T.);
#855=EDGE_CURVE('',#692,#687,#318,.T.);
#856=EDGE_CURVE('',#693,#691,#35,.T.);
#857=EDGE_CURVE('',#693,#694,#52,.T.);
#858=EDGE_CURVE('',#695,#694,#36,.T.);
#859=EDGE_CURVE('',#696,#695,#37,.T.);
#860=EDGE_CURVE('',#692,#696,#53,.T.);
#861=EDGE_CURVE('',#696,#685,#319,.T.);
#862=EDGE_CURVE('',#697,#698,#320,.T.);
#863=EDGE_CURVE('',#699,#697,#80,.T.);
#864=EDGE_CURVE('',#700,#699,#321,.T.);
#865=EDGE_CURVE('',#698,#700,#322,.T.);
#866=EDGE_CURVE('',#701,#697,#54,.T.);
#867=EDGE_CURVE('',#702,#701,#81,.T.);
#868=EDGE_CURVE('',#699,#702,#55,.T.);
#869=EDGE_CURVE('',#702,#703,#323,.T.);
#870=EDGE_CURVE('',#704,#701,#324,.T.);
#871=EDGE_CURVE('',#703,#704,#325,.T.);
#872=EDGE_CURVE('',#703,#700,#326,.T.);
#873=EDGE_CURVE('',#705,#698,#327,.T.);
#874=EDGE_CURVE('',#705,#706,#38,.T.);
#875=EDGE_CURVE('',#706,#697,#328,.T.);
#876=EDGE_CURVE('',#707,#705,#39,.T.);
#877=EDGE_CURVE('',#707,#708,#56,.T.);
#878=EDGE_CURVE('',#709,#708,#40,.T.);
#879=EDGE_CURVE('',#710,#709,#41,.T.);
#880=EDGE_CURVE('',#706,#710,#57,.T.);
#881=EDGE_CURVE('',#710,#701,#329,.T.);
#882=EDGE_CURVE('',#709,#704,#330,.T.);
#883=EDGE_CURVE('',#695,#686,#331,.T.);
#884=EDGE_CURVE('',#711,#693,#332,.T.);
#885=EDGE_CURVE('',#711,#712,#58,.T.);
#886=EDGE_CURVE('',#712,#694,#333,.T.);
#887=EDGE_CURVE('',#712,#711,#334,.T.);
#888=EDGE_CURVE('',#713,#708,#335,.T.);
#889=EDGE_CURVE('',#713,#714,#336,.T.);
#890=EDGE_CURVE('',#714,#707,#337,.T.);
#891=EDGE_CURVE('',#714,#713,#59,.T.);
#892=EDGE_CURVE('',#715,#654,#338,.T.);
#893=EDGE_CURVE('',#715,#716,#339,.T.);
#894=EDGE_CURVE('',#716,#655,#340,.T.);
#895=EDGE_CURVE('',#717,#715,#341,.T.);
#896=EDGE_CURVE('',#717,#718,#342,.T.);
#897=EDGE_CURVE('',#718,#716,#343,.T.);
#898=EDGE_CURVE('',#719,#717,#344,.T.);
#899=EDGE_CURVE('',#719,#720,#345,.T.);
#900=EDGE_CURVE('',#720,#718,#346,.T.);
#901=EDGE_CURVE('',#721,#719,#347,.T.);
#902=EDGE_CURVE('',#721,#722,#348,.T.);
#903=EDGE_CURVE('',#722,#720,#349,.T.);
#904=EDGE_CURVE('',#647,#722,#350,.T.);
#905=EDGE_CURVE('',#649,#721,#351,.T.);
#906=EDGE_CURVE('',#723,#724,#352,.T.);
#907=EDGE_CURVE('',#724,#725,#353,.T.);
#908=EDGE_CURVE('',#725,#726,#354,.T.);
#909=EDGE_CURVE('',#726,#723,#355,.T.);
#910=EDGE_CURVE('',#724,#648,#356,.T.);
#911=EDGE_CURVE('',#668,#650,#357,.T.);
#912=EDGE_CURVE('',#727,#667,#358,.T.);
#913=EDGE_CURVE('',#728,#727,#359,.T.);
#914=EDGE_CURVE('',#728,#725,#360,.T.);
#915=EDGE_CURVE('',#723,#729,#361,.T.);
#916=EDGE_CURVE('',#729,#730,#362,.T.);
#917=EDGE_CURVE('',#730,#731,#363,.T.);
#918=EDGE_CURVE('',#731,#732,#364,.T.);
#919=EDGE_CURVE('',#732,#733,#365,.T.);
#920=EDGE_CURVE('',#734,#733,#366,.T.);
#921=EDGE_CURVE('',#656,#734,#367,.T.);
#922=EDGE_CURVE('',#665,#735,#368,.T.);
#923=EDGE_CURVE('',#736,#675,#369,.T.);
#924=EDGE_CURVE('',#737,#736,#370,.T.);
#925=EDGE_CURVE('',#737,#738,#371,.T.);
#926=EDGE_CURVE('',#739,#738,#372,.T.);
#927=EDGE_CURVE('',#739,#740,#373,.T.);
#928=EDGE_CURVE('',#741,#740,#374,.T.);
#929=EDGE_CURVE('',#741,#735,#375,.T.);
#930=EDGE_CURVE('',#742,#743,#376,.T.);
#931=EDGE_CURVE('',#743,#744,#377,.T.);
#932=EDGE_CURVE('',#744,#745,#378,.T.);
#933=EDGE_CURVE('',#745,#734,#379,.T.);
#934=EDGE_CURVE('',#746,#733,#380,.T.);
#935=EDGE_CURVE('',#746,#747,#381,.T.);
#936=EDGE_CURVE('',#747,#742,#382,.T.);
#937=EDGE_CURVE('',#745,#657,#383,.T.);
#938=EDGE_CURVE('',#748,#677,#384,.T.);
#939=EDGE_CURVE('',#749,#678,#385,.T.);
#940=EDGE_CURVE('',#748,#749,#386,.T.);
#941=EDGE_CURVE('',#750,#744,#387,.T.);
#942=EDGE_CURVE('',#750,#659,#388,.T.);
#943=EDGE_CURVE('',#743,#751,#389,.T.);
#944=EDGE_CURVE('',#751,#750,#390,.T.);
#945=EDGE_CURVE('',#742,#651,#391,.T.);
#946=EDGE_CURVE('',#751,#660,#392,.T.);
#947=EDGE_CURVE('',#740,#752,#393,.T.);
#948=EDGE_CURVE('',#752,#753,#394,.T.);
#949=EDGE_CURVE('',#753,#741,#395,.T.);
#950=EDGE_CURVE('',#753,#728,#396,.T.);
#951=EDGE_CURVE('',#727,#754,#397,.T.);
#952=EDGE_CURVE('',#754,#735,#398,.T.);
#953=EDGE_CURVE('',#755,#756,#399,.T.);
#954=EDGE_CURVE('',#756,#739,#400,.T.);
#955=EDGE_CURVE('',#738,#755,#401,.T.);
#956=EDGE_CURVE('',#756,#752,#402,.T.);
#957=EDGE_CURVE('',#757,#758,#403,.T.);
#958=EDGE_CURVE('',#758,#737,#404,.T.);
#959=EDGE_CURVE('',#736,#757,#405,.T.);
#960=EDGE_CURVE('',#758,#755,#406,.T.);
#961=EDGE_CURVE('',#759,#679,#407,.T.);
#962=EDGE_CURVE('',#748,#759,#408,.T.);
#963=EDGE_CURVE('',#749,#760,#409,.T.);
#964=EDGE_CURVE('',#760,#759,#410,.T.);
#965=EDGE_CURVE('',#680,#760,#411,.T.);
#966=EDGE_CURVE('',#759,#761,#412,.T.);
#967=EDGE_CURVE('',#681,#761,#413,.T.);
#968=EDGE_CURVE('',#760,#762,#414,.T.);
#969=EDGE_CURVE('',#761,#762,#415,.T.);
#970=EDGE_CURVE('',#762,#682,#416,.T.);
#971=EDGE_CURVE('',#673,#757,#417,.T.);
#972=EDGE_CURVE('',#747,#653,#418,.T.);
#973=EDGE_CURVE('',#754,#666,#419,.T.);
#974=EDGE_CURVE('',#763,#764,#420,.T.);
#975=EDGE_CURVE('',#764,#765,#421,.T.);
#976=EDGE_CURVE('',#765,#766,#422,.T.);
#977=EDGE_CURVE('',#766,#763,#82,.T.);
#978=EDGE_CURVE('',#767,#768,#423,.T.);
#979=EDGE_CURVE('',#768,#769,#424,.T.);
#980=EDGE_CURVE('',#769,#770,#425,.T.);
#981=EDGE_CURVE('',#770,#767,#83,.T.);
#982=EDGE_CURVE('',#766,#767,#60,.T.);
#983=EDGE_CURVE('',#770,#763,#61,.T.);
#984=EDGE_CURVE('',#764,#769,#426,.T.);
#985=EDGE_CURVE('',#771,#767,#427,.T.);
#986=EDGE_CURVE('',#772,#771,#42,.T.);
#987=EDGE_CURVE('',#772,#768,#428,.T.);
#988=EDGE_CURVE('',#771,#773,#62,.T.);
#989=EDGE_CURVE('',#773,#774,#43,.T.);
#990=EDGE_CURVE('',#774,#775,#44,.T.);
#991=EDGE_CURVE('',#776,#775,#63,.T.);
#992=EDGE_CURVE('',#776,#772,#45,.T.);
#993=EDGE_CURVE('',#773,#766,#429,.T.);
#994=EDGE_CURVE('',#777,#778,#430,.T.);
#995=EDGE_CURVE('',#778,#779,#431,.T.);
#996=EDGE_CURVE('',#779,#780,#432,.T.);
#997=EDGE_CURVE('',#780,#777,#84,.T.);
#998=EDGE_CURVE('',#781,#777,#64,.T.);
#999=EDGE_CURVE('',#780,#782,#65,.T.);
#1000=EDGE_CURVE('',#782,#781,#85,.T.);
#1001=EDGE_CURVE('',#782,#783,#433,.T.);
#1002=EDGE_CURVE('',#783,#784,#434,.T.);
#1003=EDGE_CURVE('',#784,#781,#435,.T.);
#1004=EDGE_CURVE('',#783,#779,#436,.T.);
#1005=EDGE_CURVE('',#785,#777,#437,.T.);
#1006=EDGE_CURVE('',#786,#785,#46,.T.);
#1007=EDGE_CURVE('',#786,#778,#438,.T.);
#1008=EDGE_CURVE('',#785,#787,#66,.T.);
#1009=EDGE_CURVE('',#787,#788,#47,.T.);
#1010=EDGE_CURVE('',#788,#789,#48,.T.);
#1011=EDGE_CURVE('',#790,#789,#67,.T.);
#1012=EDGE_CURVE('',#790,#786,#49,.T.);
#1013=EDGE_CURVE('',#787,#781,#439,.T.);
#1014=EDGE_CURVE('',#788,#784,#440,.T.);
#1015=EDGE_CURVE('',#774,#765,#441,.T.);
#1016=EDGE_CURVE('',#791,#775,#442,.T.);
#1017=EDGE_CURVE('',#792,#791,#68,.T.);
#1018=EDGE_CURVE('',#792,#776,#443,.T.);
#1019=EDGE_CURVE('',#791,#792,#444,.T.);
#1020=EDGE_CURVE('',#793,#790,#445,.T.);
#1021=EDGE_CURVE('',#794,#793,#446,.T.);
#1022=EDGE_CURVE('',#794,#789,#447,.T.);
#1023=EDGE_CURVE('',#793,#794,#69,.T.);
#1024=EDGE_CURVE('',#795,#746,#448,.T.);
#1025=EDGE_CURVE('',#795,#732,#449,.T.);
#1026=EDGE_CURVE('',#796,#795,#450,.T.);
#1027=EDGE_CURVE('',#796,#731,#451,.T.);
#1028=EDGE_CURVE('',#797,#796,#452,.T.);
#1029=EDGE_CURVE('',#797,#730,#453,.T.);
#1030=EDGE_CURVE('',#798,#797,#454,.T.);
#1031=EDGE_CURVE('',#798,#729,#455,.T.);
#1032=EDGE_CURVE('',#726,#798,#456,.T.);
#1033=ORIENTED_EDGE('',*,*,#799,.F.);
#1034=ORIENTED_EDGE('',*,*,#800,.F.);
#1035=ORIENTED_EDGE('',*,*,#801,.F.);
#1036=ORIENTED_EDGE('',*,*,#802,.F.);
#1037=ORIENTED_EDGE('',*,*,#803,.F.);
#1038=ORIENTED_EDGE('',*,*,#804,.F.);
#1039=ORIENTED_EDGE('',*,*,#805,.F.);
#1040=ORIENTED_EDGE('',*,*,#806,.T.);
#1041=ORIENTED_EDGE('',*,*,#807,.F.);
#1042=ORIENTED_EDGE('',*,*,#808,.F.);
#1043=ORIENTED_EDGE('',*,*,#809,.F.);
#1044=ORIENTED_EDGE('',*,*,#810,.F.);
#1045=ORIENTED_EDGE('',*,*,#810,.T.);
#1046=ORIENTED_EDGE('',*,*,#811,.F.);
#1047=ORIENTED_EDGE('',*,*,#812,.F.);
#1048=ORIENTED_EDGE('',*,*,#813,.F.);
#1049=ORIENTED_EDGE('',*,*,#814,.F.);
#1050=ORIENTED_EDGE('',*,*,#815,.F.);
#1051=ORIENTED_EDGE('',*,*,#816,.F.);
#1052=ORIENTED_EDGE('',*,*,#817,.F.);
#1053=ORIENTED_EDGE('',*,*,#815,.T.);
#1054=ORIENTED_EDGE('',*,*,#818,.T.);
#1055=ORIENTED_EDGE('',*,*,#819,.F.);
#1056=ORIENTED_EDGE('',*,*,#820,.F.);
#1057=ORIENTED_EDGE('',*,*,#821,.F.);
#1058=ORIENTED_EDGE('',*,*,#822,.F.);
#1059=ORIENTED_EDGE('',*,*,#823,.F.);
#1060=ORIENTED_EDGE('',*,*,#824,.F.);
#1061=ORIENTED_EDGE('',*,*,#825,.F.);
#1062=ORIENTED_EDGE('',*,*,#826,.F.);
#1063=ORIENTED_EDGE('',*,*,#817,.T.);
#1064=ORIENTED_EDGE('',*,*,#827,.F.);
#1065=ORIENTED_EDGE('',*,*,#826,.T.);
#1066=ORIENTED_EDGE('',*,*,#828,.T.);
#1067=ORIENTED_EDGE('',*,*,#829,.F.);
#1068=ORIENTED_EDGE('',*,*,#830,.F.);
#1069=ORIENTED_EDGE('',*,*,#831,.F.);
#1070=ORIENTED_EDGE('',*,*,#832,.F.);
#1071=ORIENTED_EDGE('',*,*,#824,.T.);
#1072=ORIENTED_EDGE('',*,*,#833,.F.);
#1073=ORIENTED_EDGE('',*,*,#832,.T.);
#1074=ORIENTED_EDGE('',*,*,#834,.T.);
#1075=ORIENTED_EDGE('',*,*,#835,.F.);
#1076=ORIENTED_EDGE('',*,*,#836,.T.);
#1077=ORIENTED_EDGE('',*,*,#837,.F.);
#1078=ORIENTED_EDGE('',*,*,#838,.F.);
#1079=ORIENTED_EDGE('',*,*,#837,.T.);
#1080=ORIENTED_EDGE('',*,*,#839,.T.);
#1081=ORIENTED_EDGE('',*,*,#840,.T.);
#1082=ORIENTED_EDGE('',*,*,#841,.F.);
#1083=ORIENTED_EDGE('',*,*,#842,.F.);
#1084=ORIENTED_EDGE('',*,*,#843,.F.);
#1085=ORIENTED_EDGE('',*,*,#844,.F.);
#1086=ORIENTED_EDGE('',*,*,#845,.F.);
#1087=ORIENTED_EDGE('',*,*,#846,.F.);
#1088=ORIENTED_EDGE('',*,*,#847,.F.);
#1089=ORIENTED_EDGE('',*,*,#848,.F.);
#1090=ORIENTED_EDGE('',*,*,#849,.F.);
#1091=ORIENTED_EDGE('',*,*,#850,.F.);
#1092=ORIENTED_EDGE('',*,*,#843,.T.);
#1093=ORIENTED_EDGE('',*,*,#851,.F.);
#1094=ORIENTED_EDGE('',*,*,#847,.T.);
#1095=ORIENTED_EDGE('',*,*,#842,.T.);
#1096=ORIENTED_EDGE('',*,*,#852,.T.);
#1097=ORIENTED_EDGE('',*,*,#848,.T.);
#1098=ORIENTED_EDGE('',*,*,#851,.T.);
#1099=ORIENTED_EDGE('',*,*,#846,.T.);
#1100=ORIENTED_EDGE('',*,*,#853,.F.);
#1101=ORIENTED_EDGE('',*,*,#854,.T.);
#1102=ORIENTED_EDGE('',*,*,#855,.T.);
#1103=ORIENTED_EDGE('',*,*,#854,.F.);
#1104=ORIENTED_EDGE('',*,*,#856,.F.);
#1105=ORIENTED_EDGE('',*,*,#857,.T.);
#1106=ORIENTED_EDGE('',*,*,#858,.F.);
#1107=ORIENTED_EDGE('',*,*,#859,.F.);
#1108=ORIENTED_EDGE('',*,*,#860,.F.);
#1109=ORIENTED_EDGE('',*,*,#850,.T.);
#1110=ORIENTED_EDGE('',*,*,#855,.F.);
#1111=ORIENTED_EDGE('',*,*,#860,.T.);
#1112=ORIENTED_EDGE('',*,*,#861,.T.);
#1113=ORIENTED_EDGE('',*,*,#862,.F.);
#1114=ORIENTED_EDGE('',*,*,#863,.F.);
#1115=ORIENTED_EDGE('',*,*,#864,.F.);
#1116=ORIENTED_EDGE('',*,*,#865,.F.);
#1117=ORIENTED_EDGE('',*,*,#866,.F.);
#1118=ORIENTED_EDGE('',*,*,#867,.F.);
#1119=ORIENTED_EDGE('',*,*,#868,.F.);
#1120=ORIENTED_EDGE('',*,*,#863,.T.);
#1121=ORIENTED_EDGE('',*,*,#869,.F.);
#1122=ORIENTED_EDGE('',*,*,#867,.T.);
#1123=ORIENTED_EDGE('',*,*,#870,.F.);
#1124=ORIENTED_EDGE('',*,*,#871,.F.);
#1125=ORIENTED_EDGE('',*,*,#869,.T.);
#1126=ORIENTED_EDGE('',*,*,#872,.T.);
#1127=ORIENTED_EDGE('',*,*,#864,.T.);
#1128=ORIENTED_EDGE('',*,*,#868,.T.);
#1129=ORIENTED_EDGE('',*,*,#862,.T.);
#1130=ORIENTED_EDGE('',*,*,#873,.F.);
#1131=ORIENTED_EDGE('',*,*,#874,.T.);
#1132=ORIENTED_EDGE('',*,*,#875,.T.);
#1133=ORIENTED_EDGE('',*,*,#874,.F.);
#1134=ORIENTED_EDGE('',*,*,#876,.F.);
#1135=ORIENTED_EDGE('',*,*,#877,.T.);
#1136=ORIENTED_EDGE('',*,*,#878,.F.);
#1137=ORIENTED_EDGE('',*,*,#879,.F.);
#1138=ORIENTED_EDGE('',*,*,#880,.F.);
#1139=ORIENTED_EDGE('',*,*,#866,.T.);
#1140=ORIENTED_EDGE('',*,*,#875,.F.);
#1141=ORIENTED_EDGE('',*,*,#880,.T.);
#1142=ORIENTED_EDGE('',*,*,#881,.T.);
#1143=ORIENTED_EDGE('',*,*,#870,.T.);
#1144=ORIENTED_EDGE('',*,*,#881,.F.);
#1145=ORIENTED_EDGE('',*,*,#879,.T.);
#1146=ORIENTED_EDGE('',*,*,#882,.T.);
#1147=ORIENTED_EDGE('',*,*,#844,.T.);
#1148=ORIENTED_EDGE('',*,*,#861,.F.);
#1149=ORIENTED_EDGE('',*,*,#859,.T.);
#1150=ORIENTED_EDGE('',*,*,#883,.T.);
#1151=ORIENTED_EDGE('',*,*,#857,.F.);
#1152=ORIENTED_EDGE('',*,*,#884,.F.);
#1153=ORIENTED_EDGE('',*,*,#885,.T.);
#1154=ORIENTED_EDGE('',*,*,#886,.T.);
#1155=ORIENTED_EDGE('',*,*,#845,.T.);
#1156=ORIENTED_EDGE('',*,*,#883,.F.);
#1157=ORIENTED_EDGE('',*,*,#858,.T.);
#1158=ORIENTED_EDGE('',*,*,#886,.F.);
#1159=ORIENTED_EDGE('',*,*,#887,.T.);
#1160=ORIENTED_EDGE('',*,*,#884,.T.);
#1161=ORIENTED_EDGE('',*,*,#856,.T.);
#1162=ORIENTED_EDGE('',*,*,#853,.T.);
#1163=ORIENTED_EDGE('',*,*,#849,.T.);
#1164=ORIENTED_EDGE('',*,*,#852,.F.);
#1165=ORIENTED_EDGE('',*,*,#871,.T.);
#1166=ORIENTED_EDGE('',*,*,#882,.F.);
#1167=ORIENTED_EDGE('',*,*,#878,.T.);
#1168=ORIENTED_EDGE('',*,*,#888,.F.);
#1169=ORIENTED_EDGE('',*,*,#889,.T.);
#1170=ORIENTED_EDGE('',*,*,#890,.T.);
#1171=ORIENTED_EDGE('',*,*,#876,.T.);
#1172=ORIENTED_EDGE('',*,*,#873,.T.);
#1173=ORIENTED_EDGE('',*,*,#865,.T.);
#1174=ORIENTED_EDGE('',*,*,#872,.F.);
#1175=ORIENTED_EDGE('',*,*,#877,.F.);
#1176=ORIENTED_EDGE('',*,*,#890,.F.);
#1177=ORIENTED_EDGE('',*,*,#891,.T.);
#1178=ORIENTED_EDGE('',*,*,#888,.T.);
#1179=ORIENTED_EDGE('',*,*,#892,.F.);
#1180=ORIENTED_EDGE('',*,*,#893,.T.);
#1181=ORIENTED_EDGE('',*,*,#894,.T.);
#1182=ORIENTED_EDGE('',*,*,#806,.F.);
#1183=ORIENTED_EDGE('',*,*,#895,.F.);
#1184=ORIENTED_EDGE('',*,*,#896,.T.);
#1185=ORIENTED_EDGE('',*,*,#897,.T.);
#1186=ORIENTED_EDGE('',*,*,#893,.F.);
#1187=ORIENTED_EDGE('',*,*,#898,.F.);
#1188=ORIENTED_EDGE('',*,*,#899,.T.);
#1189=ORIENTED_EDGE('',*,*,#900,.T.);
#1190=ORIENTED_EDGE('',*,*,#896,.F.);
#1191=ORIENTED_EDGE('',*,*,#901,.F.);
#1192=ORIENTED_EDGE('',*,*,#902,.T.);
#1193=ORIENTED_EDGE('',*,*,#903,.T.);
#1194=ORIENTED_EDGE('',*,*,#899,.F.);
#1195=ORIENTED_EDGE('',*,*,#800,.T.);
#1196=ORIENTED_EDGE('',*,*,#904,.T.);
#1197=ORIENTED_EDGE('',*,*,#902,.F.);
#1198=ORIENTED_EDGE('',*,*,#905,.F.);
#1199=ORIENTED_EDGE('',*,*,#906,.T.);
#1200=ORIENTED_EDGE('',*,*,#907,.T.);
#1201=ORIENTED_EDGE('',*,*,#908,.T.);
#1202=ORIENTED_EDGE('',*,*,#909,.T.);
#1203=ORIENTED_EDGE('',*,*,#907,.F.);
#1204=ORIENTED_EDGE('',*,*,#910,.T.);
#1205=ORIENTED_EDGE('',*,*,#802,.T.);
#1206=ORIENTED_EDGE('',*,*,#911,.F.);
#1207=ORIENTED_EDGE('',*,*,#821,.T.);
#1208=ORIENTED_EDGE('',*,*,#912,.F.);
#1209=ORIENTED_EDGE('',*,*,#913,.F.);
#1210=ORIENTED_EDGE('',*,*,#914,.T.);
#1211=ORIENTED_EDGE('',*,*,#910,.F.);
#1212=ORIENTED_EDGE('',*,*,#906,.F.);
#1213=ORIENTED_EDGE('',*,*,#915,.T.);
#1214=ORIENTED_EDGE('',*,*,#916,.T.);
#1215=ORIENTED_EDGE('',*,*,#917,.T.);
#1216=ORIENTED_EDGE('',*,*,#918,.T.);
#1217=ORIENTED_EDGE('',*,*,#919,.T.);
#1218=ORIENTED_EDGE('',*,*,#920,.F.);
#1219=ORIENTED_EDGE('',*,*,#921,.F.);
#1220=ORIENTED_EDGE('',*,*,#807,.T.);
#1221=ORIENTED_EDGE('',*,*,#894,.F.);
#1222=ORIENTED_EDGE('',*,*,#897,.F.);
#1223=ORIENTED_EDGE('',*,*,#900,.F.);
#1224=ORIENTED_EDGE('',*,*,#903,.F.);
#1225=ORIENTED_EDGE('',*,*,#904,.F.);
#1226=ORIENTED_EDGE('',*,*,#799,.T.);
#1227=ORIENTED_EDGE('',*,*,#922,.F.);
#1228=ORIENTED_EDGE('',*,*,#818,.F.);
#1229=ORIENTED_EDGE('',*,*,#814,.T.);
#1230=ORIENTED_EDGE('',*,*,#828,.F.);
#1231=ORIENTED_EDGE('',*,*,#825,.T.);
#1232=ORIENTED_EDGE('',*,*,#834,.F.);
#1233=ORIENTED_EDGE('',*,*,#831,.T.);
#1234=ORIENTED_EDGE('',*,*,#923,.F.);
#1235=ORIENTED_EDGE('',*,*,#924,.F.);
#1236=ORIENTED_EDGE('',*,*,#925,.T.);
#1237=ORIENTED_EDGE('',*,*,#926,.F.);
#1238=ORIENTED_EDGE('',*,*,#927,.T.);
#1239=ORIENTED_EDGE('',*,*,#928,.F.);
#1240=ORIENTED_EDGE('',*,*,#929,.T.);
#1241=ORIENTED_EDGE('',*,*,#930,.T.);
#1242=ORIENTED_EDGE('',*,*,#931,.T.);
#1243=ORIENTED_EDGE('',*,*,#932,.T.);
#1244=ORIENTED_EDGE('',*,*,#933,.T.);
#1245=ORIENTED_EDGE('',*,*,#920,.T.);
#1246=ORIENTED_EDGE('',*,*,#934,.F.);
#1247=ORIENTED_EDGE('',*,*,#935,.T.);
#1248=ORIENTED_EDGE('',*,*,#936,.T.);
#1249=ORIENTED_EDGE('',*,*,#921,.T.);
#1250=ORIENTED_EDGE('',*,*,#933,.F.);
#1251=ORIENTED_EDGE('',*,*,#937,.T.);
#1252=ORIENTED_EDGE('',*,*,#808,.T.);
#1253=ORIENTED_EDGE('',*,*,#938,.T.);
#1254=ORIENTED_EDGE('',*,*,#835,.T.);
#1255=ORIENTED_EDGE('',*,*,#939,.F.);
#1256=ORIENTED_EDGE('',*,*,#940,.F.);
#1257=ORIENTED_EDGE('',*,*,#932,.F.);
#1258=ORIENTED_EDGE('',*,*,#941,.F.);
#1259=ORIENTED_EDGE('',*,*,#942,.T.);
#1260=ORIENTED_EDGE('',*,*,#811,.T.);
#1261=ORIENTED_EDGE('',*,*,#809,.T.);
#1262=ORIENTED_EDGE('',*,*,#937,.F.);
#1263=ORIENTED_EDGE('',*,*,#931,.F.);
#1264=ORIENTED_EDGE('',*,*,#943,.T.);
#1265=ORIENTED_EDGE('',*,*,#944,.T.);
#1266=ORIENTED_EDGE('',*,*,#941,.T.);
#1267=ORIENTED_EDGE('',*,*,#930,.F.);
#1268=ORIENTED_EDGE('',*,*,#945,.T.);
#1269=ORIENTED_EDGE('',*,*,#803,.T.);
#1270=ORIENTED_EDGE('',*,*,#813,.T.);
#1271=ORIENTED_EDGE('',*,*,#946,.F.);
#1272=ORIENTED_EDGE('',*,*,#943,.F.);
#1273=ORIENTED_EDGE('',*,*,#928,.T.);
#1274=ORIENTED_EDGE('',*,*,#947,.T.);
#1275=ORIENTED_EDGE('',*,*,#948,.T.);
#1276=ORIENTED_EDGE('',*,*,#949,.T.);
#1277=ORIENTED_EDGE('',*,*,#949,.F.);
#1278=ORIENTED_EDGE('',*,*,#950,.T.);
#1279=ORIENTED_EDGE('',*,*,#913,.T.);
#1280=ORIENTED_EDGE('',*,*,#951,.T.);
#1281=ORIENTED_EDGE('',*,*,#952,.T.);
#1282=ORIENTED_EDGE('',*,*,#929,.F.);
#1283=ORIENTED_EDGE('',*,*,#953,.T.);
#1284=ORIENTED_EDGE('',*,*,#954,.T.);
#1285=ORIENTED_EDGE('',*,*,#926,.T.);
#1286=ORIENTED_EDGE('',*,*,#955,.T.);
#1287=ORIENTED_EDGE('',*,*,#947,.F.);
#1288=ORIENTED_EDGE('',*,*,#927,.F.);
#1289=ORIENTED_EDGE('',*,*,#954,.F.);
#1290=ORIENTED_EDGE('',*,*,#956,.T.);
#1291=ORIENTED_EDGE('',*,*,#957,.T.);
#1292=ORIENTED_EDGE('',*,*,#958,.T.);
#1293=ORIENTED_EDGE('',*,*,#924,.T.);
#1294=ORIENTED_EDGE('',*,*,#959,.T.);
#1295=ORIENTED_EDGE('',*,*,#955,.F.);
#1296=ORIENTED_EDGE('',*,*,#925,.F.);
#1297=ORIENTED_EDGE('',*,*,#958,.F.);
#1298=ORIENTED_EDGE('',*,*,#960,.T.);
#1299=ORIENTED_EDGE('',*,*,#961,.T.);
#1300=ORIENTED_EDGE('',*,*,#836,.F.);
#1301=ORIENTED_EDGE('',*,*,#938,.F.);
#1302=ORIENTED_EDGE('',*,*,#962,.T.);
#1303=ORIENTED_EDGE('',*,*,#940,.T.);
#1304=ORIENTED_EDGE('',*,*,#963,.T.);
#1305=ORIENTED_EDGE('',*,*,#964,.T.);
#1306=ORIENTED_EDGE('',*,*,#962,.F.);
#1307=ORIENTED_EDGE('',*,*,#939,.T.);
#1308=ORIENTED_EDGE('',*,*,#838,.T.);
#1309=ORIENTED_EDGE('',*,*,#965,.T.);
#1310=ORIENTED_EDGE('',*,*,#963,.F.);
#1311=ORIENTED_EDGE('',*,*,#961,.F.);
#1312=ORIENTED_EDGE('',*,*,#966,.T.);
#1313=ORIENTED_EDGE('',*,*,#967,.F.);
#1314=ORIENTED_EDGE('',*,*,#839,.F.);
#1315=ORIENTED_EDGE('',*,*,#964,.F.);
#1316=ORIENTED_EDGE('',*,*,#968,.T.);
#1317=ORIENTED_EDGE('',*,*,#969,.F.);
#1318=ORIENTED_EDGE('',*,*,#966,.F.);
#1319=ORIENTED_EDGE('',*,*,#965,.F.);
#1320=ORIENTED_EDGE('',*,*,#841,.T.);
#1321=ORIENTED_EDGE('',*,*,#970,.F.);
#1322=ORIENTED_EDGE('',*,*,#968,.F.);
#1323=ORIENTED_EDGE('',*,*,#923,.T.);
#1324=ORIENTED_EDGE('',*,*,#830,.T.);
#1325=ORIENTED_EDGE('',*,*,#971,.T.);
#1326=ORIENTED_EDGE('',*,*,#959,.F.);
#1327=ORIENTED_EDGE('',*,*,#967,.T.);
#1328=ORIENTED_EDGE('',*,*,#969,.T.);
#1329=ORIENTED_EDGE('',*,*,#970,.T.);
#1330=ORIENTED_EDGE('',*,*,#840,.F.);
#1331=ORIENTED_EDGE('',*,*,#942,.F.);
#1332=ORIENTED_EDGE('',*,*,#944,.F.);
#1333=ORIENTED_EDGE('',*,*,#946,.T.);
#1334=ORIENTED_EDGE('',*,*,#812,.T.);
#1335=ORIENTED_EDGE('',*,*,#936,.F.);
#1336=ORIENTED_EDGE('',*,*,#972,.T.);
#1337=ORIENTED_EDGE('',*,*,#804,.T.);
#1338=ORIENTED_EDGE('',*,*,#945,.F.);
#1339=ORIENTED_EDGE('',*,*,#973,.F.);
#1340=ORIENTED_EDGE('',*,*,#951,.F.);
#1341=ORIENTED_EDGE('',*,*,#912,.T.);
#1342=ORIENTED_EDGE('',*,*,#820,.T.);
#1343=ORIENTED_EDGE('',*,*,#922,.T.);
#1344=ORIENTED_EDGE('',*,*,#952,.F.);
#1345=ORIENTED_EDGE('',*,*,#973,.T.);
#1346=ORIENTED_EDGE('',*,*,#819,.T.);
#1347=ORIENTED_EDGE('',*,*,#974,.T.);
#1348=ORIENTED_EDGE('',*,*,#975,.T.);
#1349=ORIENTED_EDGE('',*,*,#976,.T.);
#1350=ORIENTED_EDGE('',*,*,#977,.T.);
#1351=ORIENTED_EDGE('',*,*,#978,.T.);
#1352=ORIENTED_EDGE('',*,*,#979,.T.);
#1353=ORIENTED_EDGE('',*,*,#980,.T.);
#1354=ORIENTED_EDGE('',*,*,#981,.T.);
#1355=ORIENTED_EDGE('',*,*,#982,.T.);
#1356=ORIENTED_EDGE('',*,*,#981,.F.);
#1357=ORIENTED_EDGE('',*,*,#983,.T.);
#1358=ORIENTED_EDGE('',*,*,#977,.F.);
#1359=ORIENTED_EDGE('',*,*,#974,.F.);
#1360=ORIENTED_EDGE('',*,*,#983,.F.);
#1361=ORIENTED_EDGE('',*,*,#980,.F.);
#1362=ORIENTED_EDGE('',*,*,#984,.F.);
#1363=ORIENTED_EDGE('',*,*,#978,.F.);
#1364=ORIENTED_EDGE('',*,*,#985,.F.);
#1365=ORIENTED_EDGE('',*,*,#986,.F.);
#1366=ORIENTED_EDGE('',*,*,#987,.T.);
#1367=ORIENTED_EDGE('',*,*,#986,.T.);
#1368=ORIENTED_EDGE('',*,*,#988,.T.);
#1369=ORIENTED_EDGE('',*,*,#989,.T.);
#1370=ORIENTED_EDGE('',*,*,#990,.T.);
#1371=ORIENTED_EDGE('',*,*,#991,.F.);
#1372=ORIENTED_EDGE('',*,*,#992,.T.);
#1373=ORIENTED_EDGE('',*,*,#982,.F.);
#1374=ORIENTED_EDGE('',*,*,#993,.F.);
#1375=ORIENTED_EDGE('',*,*,#988,.F.);
#1376=ORIENTED_EDGE('',*,*,#985,.T.);
#1377=ORIENTED_EDGE('',*,*,#994,.T.);
#1378=ORIENTED_EDGE('',*,*,#995,.T.);
#1379=ORIENTED_EDGE('',*,*,#996,.T.);
#1380=ORIENTED_EDGE('',*,*,#997,.T.);
#1381=ORIENTED_EDGE('',*,*,#998,.T.);
#1382=ORIENTED_EDGE('',*,*,#997,.F.);
#1383=ORIENTED_EDGE('',*,*,#999,.T.);
#1384=ORIENTED_EDGE('',*,*,#1000,.T.);
#1385=ORIENTED_EDGE('',*,*,#1001,.T.);
#1386=ORIENTED_EDGE('',*,*,#1002,.T.);
#1387=ORIENTED_EDGE('',*,*,#1003,.T.);
#1388=ORIENTED_EDGE('',*,*,#1000,.F.);
#1389=ORIENTED_EDGE('',*,*,#1001,.F.);
#1390=ORIENTED_EDGE('',*,*,#999,.F.);
#1391=ORIENTED_EDGE('',*,*,#996,.F.);
#1392=ORIENTED_EDGE('',*,*,#1004,.F.);
#1393=ORIENTED_EDGE('',*,*,#994,.F.);
#1394=ORIENTED_EDGE('',*,*,#1005,.F.);
#1395=ORIENTED_EDGE('',*,*,#1006,.F.);
#1396=ORIENTED_EDGE('',*,*,#1007,.T.);
#1397=ORIENTED_EDGE('',*,*,#1006,.T.);
#1398=ORIENTED_EDGE('',*,*,#1008,.T.);
#1399=ORIENTED_EDGE('',*,*,#1009,.T.);
#1400=ORIENTED_EDGE('',*,*,#1010,.T.);
#1401=ORIENTED_EDGE('',*,*,#1011,.F.);
#1402=ORIENTED_EDGE('',*,*,#1012,.T.);
#1403=ORIENTED_EDGE('',*,*,#998,.F.);
#1404=ORIENTED_EDGE('',*,*,#1013,.F.);
#1405=ORIENTED_EDGE('',*,*,#1008,.F.);
#1406=ORIENTED_EDGE('',*,*,#1005,.T.);
#1407=ORIENTED_EDGE('',*,*,#1003,.F.);
#1408=ORIENTED_EDGE('',*,*,#1014,.F.);
#1409=ORIENTED_EDGE('',*,*,#1009,.F.);
#1410=ORIENTED_EDGE('',*,*,#1013,.T.);
#1411=ORIENTED_EDGE('',*,*,#976,.F.);
#1412=ORIENTED_EDGE('',*,*,#1015,.F.);
#1413=ORIENTED_EDGE('',*,*,#989,.F.);
#1414=ORIENTED_EDGE('',*,*,#993,.T.);
#1415=ORIENTED_EDGE('',*,*,#991,.T.);
#1416=ORIENTED_EDGE('',*,*,#1016,.F.);
#1417=ORIENTED_EDGE('',*,*,#1017,.F.);
#1418=ORIENTED_EDGE('',*,*,#1018,.T.);
#1419=ORIENTED_EDGE('',*,*,#975,.F.);
#1420=ORIENTED_EDGE('',*,*,#984,.T.);
#1421=ORIENTED_EDGE('',*,*,#979,.F.);
#1422=ORIENTED_EDGE('',*,*,#987,.F.);
#1423=ORIENTED_EDGE('',*,*,#992,.F.);
#1424=ORIENTED_EDGE('',*,*,#1018,.F.);
#1425=ORIENTED_EDGE('',*,*,#1019,.F.);
#1426=ORIENTED_EDGE('',*,*,#1016,.T.);
#1427=ORIENTED_EDGE('',*,*,#990,.F.);
#1428=ORIENTED_EDGE('',*,*,#1015,.T.);
#1429=ORIENTED_EDGE('',*,*,#1002,.F.);
#1430=ORIENTED_EDGE('',*,*,#1004,.T.);
#1431=ORIENTED_EDGE('',*,*,#995,.F.);
#1432=ORIENTED_EDGE('',*,*,#1007,.F.);
#1433=ORIENTED_EDGE('',*,*,#1012,.F.);
#1434=ORIENTED_EDGE('',*,*,#1020,.F.);
#1435=ORIENTED_EDGE('',*,*,#1021,.F.);
#1436=ORIENTED_EDGE('',*,*,#1022,.T.);
#1437=ORIENTED_EDGE('',*,*,#1010,.F.);
#1438=ORIENTED_EDGE('',*,*,#1014,.T.);
#1439=ORIENTED_EDGE('',*,*,#1011,.T.);
#1440=ORIENTED_EDGE('',*,*,#1022,.F.);
#1441=ORIENTED_EDGE('',*,*,#1023,.F.);
#1442=ORIENTED_EDGE('',*,*,#1020,.T.);
#1443=ORIENTED_EDGE('',*,*,#1024,.T.);
#1444=ORIENTED_EDGE('',*,*,#934,.T.);
#1445=ORIENTED_EDGE('',*,*,#919,.F.);
#1446=ORIENTED_EDGE('',*,*,#1025,.F.);
#1447=ORIENTED_EDGE('',*,*,#1026,.T.);
#1448=ORIENTED_EDGE('',*,*,#1025,.T.);
#1449=ORIENTED_EDGE('',*,*,#918,.F.);
#1450=ORIENTED_EDGE('',*,*,#1027,.F.);
#1451=ORIENTED_EDGE('',*,*,#1028,.T.);
#1452=ORIENTED_EDGE('',*,*,#1027,.T.);
#1453=ORIENTED_EDGE('',*,*,#917,.F.);
#1454=ORIENTED_EDGE('',*,*,#1029,.F.);
#1455=ORIENTED_EDGE('',*,*,#1030,.T.);
#1456=ORIENTED_EDGE('',*,*,#1029,.T.);
#1457=ORIENTED_EDGE('',*,*,#916,.F.);
#1458=ORIENTED_EDGE('',*,*,#1031,.F.);
#1459=ORIENTED_EDGE('',*,*,#909,.F.);
#1460=ORIENTED_EDGE('',*,*,#1032,.T.);
#1461=ORIENTED_EDGE('',*,*,#1031,.T.);
#1462=ORIENTED_EDGE('',*,*,#915,.F.);
#1463=ORIENTED_EDGE('',*,*,#908,.F.);
#1464=ORIENTED_EDGE('',*,*,#914,.F.);
#1465=ORIENTED_EDGE('',*,*,#950,.F.);
#1466=ORIENTED_EDGE('',*,*,#948,.F.);
#1467=ORIENTED_EDGE('',*,*,#956,.F.);
#1468=ORIENTED_EDGE('',*,*,#953,.F.);
#1469=ORIENTED_EDGE('',*,*,#960,.F.);
#1470=ORIENTED_EDGE('',*,*,#957,.F.);
#1471=ORIENTED_EDGE('',*,*,#971,.F.);
#1472=ORIENTED_EDGE('',*,*,#829,.T.);
#1473=ORIENTED_EDGE('',*,*,#833,.T.);
#1474=ORIENTED_EDGE('',*,*,#823,.T.);
#1475=ORIENTED_EDGE('',*,*,#827,.T.);
#1476=ORIENTED_EDGE('',*,*,#816,.T.);
#1477=ORIENTED_EDGE('',*,*,#822,.T.);
#1478=ORIENTED_EDGE('',*,*,#911,.T.);
#1479=ORIENTED_EDGE('',*,*,#801,.T.);
#1480=ORIENTED_EDGE('',*,*,#905,.T.);
#1481=ORIENTED_EDGE('',*,*,#901,.T.);
#1482=ORIENTED_EDGE('',*,*,#898,.T.);
#1483=ORIENTED_EDGE('',*,*,#895,.T.);
#1484=ORIENTED_EDGE('',*,*,#892,.T.);
#1485=ORIENTED_EDGE('',*,*,#805,.T.);
#1486=ORIENTED_EDGE('',*,*,#972,.F.);
#1487=ORIENTED_EDGE('',*,*,#935,.F.);
#1488=ORIENTED_EDGE('',*,*,#1024,.F.);
#1489=ORIENTED_EDGE('',*,*,#1026,.F.);
#1490=ORIENTED_EDGE('',*,*,#1028,.F.);
#1491=ORIENTED_EDGE('',*,*,#1030,.F.);
#1492=ORIENTED_EDGE('',*,*,#1032,.F.);
#1493=ORIENTED_EDGE('',*,*,#889,.F.);
#1494=ORIENTED_EDGE('',*,*,#891,.F.);
#1495=ORIENTED_EDGE('',*,*,#887,.F.);
#1496=ORIENTED_EDGE('',*,*,#885,.F.);
#1497=ORIENTED_EDGE('',*,*,#1019,.T.);
#1498=ORIENTED_EDGE('',*,*,#1017,.T.);
#1499=ORIENTED_EDGE('',*,*,#1021,.T.);
#1500=ORIENTED_EDGE('',*,*,#1023,.T.);
#1501=PLANE('',#1674);
#1502=PLANE('',#1675);
#1503=PLANE('',#1676);
#1504=PLANE('',#1677);
#1505=PLANE('',#1678);
#1506=PLANE('',#1679);
#1507=PLANE('',#1680);
#1508=PLANE('',#1681);
#1509=PLANE('',#1682);
#1510=PLANE('',#1683);
#1511=PLANE('',#1684);
#1512=PLANE('',#1685);
#1513=PLANE('',#1686);
#1514=PLANE('',#1690);
#1515=PLANE('',#1691);
#1516=PLANE('',#1696);
#1517=PLANE('',#1700);
#1518=PLANE('',#1701);
#1519=PLANE('',#1702);
#1520=PLANE('',#1707);
#1521=PLANE('',#1708);
#1522=PLANE('',#1711);
#1523=PLANE('',#1712);
#1524=PLANE('',#1715);
#1525=PLANE('',#1716);
#1526=PLANE('',#1717);
#1527=PLANE('',#1718);
#1528=PLANE('',#1719);
#1529=PLANE('',#1720);
#1530=PLANE('',#1721);
#1531=PLANE('',#1722);
#1532=PLANE('',#1723);
#1533=PLANE('',#1724);
#1534=PLANE('',#1725);
#1535=PLANE('',#1726);
#1536=PLANE('',#1727);
#1537=PLANE('',#1728);
#1538=PLANE('',#1729);
#1539=PLANE('',#1730);
#1540=PLANE('',#1731);
#1541=PLANE('',#1732);
#1542=PLANE('',#1733);
#1543=PLANE('',#1734);
#1544=PLANE('',#1735);
#1545=PLANE('',#1736);
#1546=PLANE('',#1737);
#1547=PLANE('',#1738);
#1548=PLANE('',#1739);
#1549=PLANE('',#1740);
#1550=PLANE('',#1741);
#1551=PLANE('',#1742);
#1552=PLANE('',#1743);
#1553=PLANE('',#1744);
#1554=PLANE('',#1745);
#1555=PLANE('',#1746);
#1556=PLANE('',#1750);
#1557=PLANE('',#1751);
#1558=PLANE('',#1756);
#1559=PLANE('',#1760);
#1560=PLANE('',#1761);
#1561=PLANE('',#1762);
#1562=PLANE('',#1767);
#1563=PLANE('',#1768);
#1564=PLANE('',#1771);
#1565=PLANE('',#1772);
#1566=PLANE('',#1775);
#1567=PLANE('',#1776);
#1568=PLANE('',#1777);
#1569=PLANE('',#1778);
#1570=PLANE('',#1779);
#1571=PLANE('',#1780);
#1572=ADVANCED_FACE('',(#86),#1501,.F.);
#1573=ADVANCED_FACE('',(#87),#1502,.F.);
#1574=ADVANCED_FACE('',(#88),#1503,.F.);
#1575=ADVANCED_FACE('',(#89),#1504,.F.);
#1576=ADVANCED_FACE('',(#90),#1505,.F.);
#1577=ADVANCED_FACE('',(#91),#1506,.F.);
#1578=ADVANCED_FACE('',(#92),#1507,.F.);
#1579=ADVANCED_FACE('',(#93),#1508,.F.);
#1580=ADVANCED_FACE('',(#94),#1509,.F.);
#1581=ADVANCED_FACE('',(#95),#1510,.F.);
#1582=ADVANCED_FACE('',(#96),#1511,.T.);
#1583=ADVANCED_FACE('',(#97),#1512,.F.);
#1584=ADVANCED_FACE('',(#98),#1513,.F.);
#1585=ADVANCED_FACE('',(#99),#70,.T.);
#1586=ADVANCED_FACE('',(#100),#1514,.F.);
#1587=ADVANCED_FACE('',(#101),#1515,.F.);
#1588=ADVANCED_FACE('',(#102),#71,.T.);
#1589=ADVANCED_FACE('',(#103),#26,.T.);
#1590=ADVANCED_FACE('',(#104),#1516,.F.);
#1591=ADVANCED_FACE('',(#105),#72,.T.);
#1592=ADVANCED_FACE('',(#106),#1517,.F.);
#1593=ADVANCED_FACE('',(#107),#1518,.F.);
#1594=ADVANCED_FACE('',(#108),#1519,.F.);
#1595=ADVANCED_FACE('',(#109),#73,.T.);
#1596=ADVANCED_FACE('',(#110),#27,.T.);
#1597=ADVANCED_FACE('',(#111),#1520,.F.);
#1598=ADVANCED_FACE('',(#112),#1521,.F.);
#1599=ADVANCED_FACE('',(#113),#28,.T.);
#1600=ADVANCED_FACE('',(#114),#1522,.F.);
#1601=ADVANCED_FACE('',(#115),#1523,.F.);
#1602=ADVANCED_FACE('',(#116),#29,.T.);
#1603=ADVANCED_FACE('',(#117),#1524,.F.);
#1604=ADVANCED_FACE('',(#118),#1525,.F.);
#1605=ADVANCED_FACE('',(#119),#1526,.F.);
#1606=ADVANCED_FACE('',(#120),#1527,.F.);
#1607=ADVANCED_FACE('',(#121),#1528,.F.);
#1608=ADVANCED_FACE('',(#122),#1529,.T.);
#1609=ADVANCED_FACE('',(#123),#1530,.T.);
#1610=ADVANCED_FACE('',(#124,#19),#1531,.T.);
#1611=ADVANCED_FACE('',(#125),#1532,.T.);
#1612=ADVANCED_FACE('',(#126,#20),#1533,.T.);
#1613=ADVANCED_FACE('',(#127),#1534,.T.);
#1614=ADVANCED_FACE('',(#128),#1535,.T.);
#1615=ADVANCED_FACE('',(#129),#1536,.T.);
#1616=ADVANCED_FACE('',(#130),#1537,.T.);
#1617=ADVANCED_FACE('',(#131),#1538,.T.);
#1618=ADVANCED_FACE('',(#132),#1539,.T.);
#1619=ADVANCED_FACE('',(#133),#1540,.T.);
#1620=ADVANCED_FACE('',(#134),#1541,.T.);
#1621=ADVANCED_FACE('',(#135),#1542,.T.);
#1622=ADVANCED_FACE('',(#136),#1543,.T.);
#1623=ADVANCED_FACE('',(#137),#1544,.T.);
#1624=ADVANCED_FACE('',(#138),#1545,.T.);
#1625=ADVANCED_FACE('',(#139),#1546,.F.);
#1626=ADVANCED_FACE('',(#140),#1547,.F.);
#1627=ADVANCED_FACE('',(#141),#1548,.F.);
#1628=ADVANCED_FACE('',(#142,#21),#1549,.T.);
#1629=ADVANCED_FACE('',(#143),#1550,.T.);
#1630=ADVANCED_FACE('',(#144),#1551,.T.);
#1631=ADVANCED_FACE('',(#145),#1552,.T.);
#1632=ADVANCED_FACE('',(#146),#1553,.T.);
#1633=ADVANCED_FACE('',(#147),#1554,.T.);
#1634=ADVANCED_FACE('',(#148),#1555,.T.);
#1635=ADVANCED_FACE('',(#149),#74,.T.);
#1636=ADVANCED_FACE('',(#150),#1556,.T.);
#1637=ADVANCED_FACE('',(#151),#1557,.T.);
#1638=ADVANCED_FACE('',(#152),#75,.T.);
#1639=ADVANCED_FACE('',(#153),#30,.T.);
#1640=ADVANCED_FACE('',(#154),#1558,.T.);
#1641=ADVANCED_FACE('',(#155),#76,.T.);
#1642=ADVANCED_FACE('',(#156),#1559,.T.);
#1643=ADVANCED_FACE('',(#157),#1560,.T.);
#1644=ADVANCED_FACE('',(#158),#1561,.T.);
#1645=ADVANCED_FACE('',(#159),#77,.T.);
#1646=ADVANCED_FACE('',(#160),#31,.T.);
#1647=ADVANCED_FACE('',(#161),#1562,.T.);
#1648=ADVANCED_FACE('',(#162),#1563,.T.);
#1649=ADVANCED_FACE('',(#163),#32,.T.);
#1650=ADVANCED_FACE('',(#164),#1564,.T.);
#1651=ADVANCED_FACE('',(#165),#1565,.T.);
#1652=ADVANCED_FACE('',(#166),#33,.T.);
#1653=ADVANCED_FACE('',(#167),#1566,.T.);
#1654=ADVANCED_FACE('',(#168),#1567,.T.);
#1655=ADVANCED_FACE('',(#169),#1568,.T.);
#1656=ADVANCED_FACE('',(#170),#1569,.T.);
#1657=ADVANCED_FACE('',(#171),#1570,.T.);
#1658=ADVANCED_FACE('',(#172,#22,#23,#24,#25),#1571,.F.);
#1659=CLOSED_SHELL('',(#1572,#1573,#1574,#1575,#1576,#1577,#1578,#1579,
#1580,#1581,#1582,#1583,#1584,#1585,#1586,#1587,#1588,#1589,#1590,#1591,
#1592,#1593,#1594,#1595,#1596,#1597,#1598,#1599,#1600,#1601,#1602,#1603,
#1604,#1605,#1606,#1607,#1608,#1609,#1610,#1611,#1612,#1613,#1614,#1615,
#1616,#1617,#1618,#1619,#1620,#1621,#1622,#1623,#1624,#1625,#1626,#1627,
#1628,#1629,#1630,#1631,#1632,#1633,#1634,#1635,#1636,#1637,#1638,#1639,
#1640,#1641,#1642,#1643,#1644,#1645,#1646,#1647,#1648,#1649,#1650,#1651,
#1652,#1653,#1654,#1655,#1656,#1657,#1658));
#1660=DERIVED_UNIT_ELEMENT(#1662,1.);
#1661=DERIVED_UNIT_ELEMENT(#2731,-3.);
#1662=(
MASS_UNIT()
NAMED_UNIT(*)
SI_UNIT(.KILO.,.GRAM.)
);
#1663=DERIVED_UNIT((#1660,#1661));
#1664=MEASURE_REPRESENTATION_ITEM('density measure',
POSITIVE_RATIO_MEASURE(1060.),#1663);
#1665=PROPERTY_DEFINITION_REPRESENTATION(#1670,#1667);
#1666=PROPERTY_DEFINITION_REPRESENTATION(#1671,#1668);
#1667=REPRESENTATION('material name',(#1669),#2728);
#1668=REPRESENTATION('density',(#1664),#2728);
#1669=DESCRIPTIVE_REPRESENTATION_ITEM('ABS Plastic','ABS Plastic');
#1670=PROPERTY_DEFINITION('material property','material name',#2743);
#1671=PROPERTY_DEFINITION('material property','density of part',#2743);
#1672=AXIS2_PLACEMENT_3D('',#2192,#1782,#1783);
#1673=AXIS2_PLACEMENT_3D('',#2193,#1784,#1785);
#1674=AXIS2_PLACEMENT_3D('',#2194,#1786,#1787);
#1675=AXIS2_PLACEMENT_3D('',#2203,#1792,#1793);
#1676=AXIS2_PLACEMENT_3D('',#2220,#1802,#1803);
#1677=AXIS2_PLACEMENT_3D('',#2226,#1807,#1808);
#1678=AXIS2_PLACEMENT_3D('',#2235,#1813,#1814);
#1679=AXIS2_PLACEMENT_3D('',#2245,#1820,#1821);
#1680=AXIS2_PLACEMENT_3D('',#2254,#1826,#1827);
#1681=AXIS2_PLACEMENT_3D('',#2257,#1830,#1831);
#1682=AXIS2_PLACEMENT_3D('',#2266,#1836,#1837);
#1683=AXIS2_PLACEMENT_3D('',#2269,#1840,#1841);
#1684=AXIS2_PLACEMENT_3D('',#2278,#1846,#1847);
#1685=AXIS2_PLACEMENT_3D('',#2284,#1851,#1852);
#1686=AXIS2_PLACEMENT_3D('',#2296,#1856,#1857);
#1687=AXIS2_PLACEMENT_3D('',#2308,#1861,#1862);
#1688=AXIS2_PLACEMENT_3D('',#2309,#1863,#1864);
#1689=AXIS2_PLACEMENT_3D('',#2310,#1865,#1866);
#1690=AXIS2_PLACEMENT_3D('',#2311,#1867,#1868);
#1691=AXIS2_PLACEMENT_3D('',#2313,#1870,#1871);
#1692=AXIS2_PLACEMENT_3D('',#2321,#1874,#1875);
#1693=AXIS2_PLACEMENT_3D('',#2327,#1876,#1877);
#1694=AXIS2_PLACEMENT_3D('',#2336,#1878,#1879);
#1695=AXIS2_PLACEMENT_3D('',#2337,#1880,#1881);
#1696=AXIS2_PLACEMENT_3D('',#2339,#1883,#1884);
#1697=AXIS2_PLACEMENT_3D('',#2351,#1888,#1889);
#1698=AXIS2_PLACEMENT_3D('',#2353,#1890,#1891);
#1699=AXIS2_PLACEMENT_3D('',#2359,#1892,#1893);
#1700=AXIS2_PLACEMENT_3D('',#2360,#1894,#1895);
#1701=AXIS2_PLACEMENT_3D('',#2366,#1899,#1900);
#1702=AXIS2_PLACEMENT_3D('',#2368,#1902,#1903);
#1703=AXIS2_PLACEMENT_3D('',#2376,#1906,#1907);
#1704=AXIS2_PLACEMENT_3D('',#2382,#1908,#1909);
#1705=AXIS2_PLACEMENT_3D('',#2391,#1910,#1911);
#1706=AXIS2_PLACEMENT_3D('',#2392,#1912,#1913);
#1707=AXIS2_PLACEMENT_3D('',#2394,#1915,#1916);
#1708=AXIS2_PLACEMENT_3D('',#2396,#1918,#1919);
#1709=AXIS2_PLACEMENT_3D('',#2398,#1921,#1922);
#1710=AXIS2_PLACEMENT_3D('',#2402,#1924,#1925);
#1711=AXIS2_PLACEMENT_3D('',#2404,#1927,#1928);
#1712=AXIS2_PLACEMENT_3D('',#2406,#1930,#1931);
#1713=AXIS2_PLACEMENT_3D('',#2412,#1935,#1936);
#1714=AXIS2_PLACEMENT_3D('',#2413,#1937,#1938);
#1715=AXIS2_PLACEMENT_3D('',#2414,#1939,#1940);
#1716=AXIS2_PLACEMENT_3D('',#2420,#1944,#1945);
#1717=AXIS2_PLACEMENT_3D('',#2426,#1949,#1950);
#1718=AXIS2_PLACEMENT_3D('',#2432,#1954,#1955);
#1719=AXIS2_PLACEMENT_3D('',#2438,#1959,#1960);
#1720=AXIS2_PLACEMENT_3D('',#2441,#1963,#1964);
#1721=AXIS2_PLACEMENT_3D('',#2450,#1969,#1970);
#1722=AXIS2_PLACEMENT_3D('',#2458,#1976,#1977);
#1723=AXIS2_PLACEMENT_3D('',#2487,#1993,#1994);
#1724=AXIS2_PLACEMENT_3D('',#2501,#2002,#2003);
#1725=AXIS2_PLACEMENT_3D('',#2508,#2008,#2009);
#1726=AXIS2_PLACEMENT_3D('',#2512,#2012,#2013);
#1727=AXIS2_PLACEMENT_3D('',#2516,#2016,#2017);
#1728=AXIS2_PLACEMENT_3D('',#2519,#2020,#2021);
#1729=AXIS2_PLACEMENT_3D('',#2525,#2025,#2026);
#1730=AXIS2_PLACEMENT_3D('',#2530,#2030,#2031);
#1731=AXIS2_PLACEMENT_3D('',#2536,#2035,#2036);
#1732=AXIS2_PLACEMENT_3D('',#2538,#2038,#2039);
#1733=AXIS2_PLACEMENT_3D('',#2544,#2043,#2044);
#1734=AXIS2_PLACEMENT_3D('',#2546,#2046,#2047);
#1735=AXIS2_PLACEMENT_3D('',#2550,#2050,#2051);
#1736=AXIS2_PLACEMENT_3D('',#2554,#2054,#2055);
#1737=AXIS2_PLACEMENT_3D('',#2556,#2057,#2058);
#1738=AXIS2_PLACEMENT_3D('',#2560,#2061,#2062);
#1739=AXIS2_PLACEMENT_3D('',#2564,#2065,#2066);
#1740=AXIS2_PLACEMENT_3D('',#2566,#2068,#2069);
#1741=AXIS2_PLACEMENT_3D('',#2568,#2071,#2072);
#1742=AXIS2_PLACEMENT_3D('',#2569,#2073,#2074);
#1743=AXIS2_PLACEMENT_3D('',#2571,#2076,#2077);
#1744=AXIS2_PLACEMENT_3D('',#2573,#2079,#2080);
#1745=AXIS2_PLACEMENT_3D('',#2574,#2081,#2082);
#1746=AXIS2_PLACEMENT_3D('',#2586,#2086,#2087);
#1747=AXIS2_PLACEMENT_3D('',#2598,#2091,#2092);
#1748=AXIS2_PLACEMENT_3D('',#2599,#2093,#2094);
#1749=AXIS2_PLACEMENT_3D('',#2600,#2095,#2096);
#1750=AXIS2_PLACEMENT_3D('',#2601,#2097,#2098);
#1751=AXIS2_PLACEMENT_3D('',#2603,#2100,#2101);
#1752=AXIS2_PLACEMENT_3D('',#2611,#2104,#2105);
#1753=AXIS2_PLACEMENT_3D('',#2613,#2106,#2107);
#1754=AXIS2_PLACEMENT_3D('',#2623,#2108,#2109);
#1755=AXIS2_PLACEMENT_3D('',#2627,#2110,#2111);
#1756=AXIS2_PLACEMENT_3D('',#2629,#2113,#2114);
#1757=AXIS2_PLACEMENT_3D('',#2641,#2118,#2119);
#1758=AXIS2_PLACEMENT_3D('',#2643,#2120,#2121);
#1759=AXIS2_PLACEMENT_3D('',#2645,#2122,#2123);
#1760=AXIS2_PLACEMENT_3D('',#2650,#2124,#2125);
#1761=AXIS2_PLACEMENT_3D('',#2656,#2129,#2130);
#1762=AXIS2_PLACEMENT_3D('',#2658,#2132,#2133);
#1763=AXIS2_PLACEMENT_3D('',#2666,#2136,#2137);
#1764=AXIS2_PLACEMENT_3D('',#2668,#2138,#2139);
#1765=AXIS2_PLACEMENT_3D('',#2678,#2140,#2141);
#1766=AXIS2_PLACEMENT_3D('',#2682,#2142,#2143);
#1767=AXIS2_PLACEMENT_3D('',#2684,#2145,#2146);
#1768=AXIS2_PLACEMENT_3D('',#2686,#2148,#2149);
#1769=AXIS2_PLACEMENT_3D('',#2688,#2151,#2152);
#1770=AXIS2_PLACEMENT_3D('',#2692,#2154,#2155);
#1771=AXIS2_PLACEMENT_3D('',#2694,#2157,#2158);
#1772=AXIS2_PLACEMENT_3D('',#2696,#2160,#2161);
#1773=AXIS2_PLACEMENT_3D('',#2702,#2165,#2166);
#1774=AXIS2_PLACEMENT_3D('',#2703,#2167,#2168);
#1775=AXIS2_PLACEMENT_3D('',#2704,#2169,#2170);
#1776=AXIS2_PLACEMENT_3D('',#2708,#2173,#2174);
#1777=AXIS2_PLACEMENT_3D('',#2712,#2177,#2178);
#1778=AXIS2_PLACEMENT_3D('',#2716,#2181,#2182);
#1779=AXIS2_PLACEMENT_3D('',#2720,#2185,#2186);
#1780=AXIS2_PLACEMENT_3D('',#2722,#2188,#2189);
#1781=AXIS2_PLACEMENT_3D('',#2723,#2190,#2191);
#1782=DIRECTION('axis',(0.,0.,1.));
#1783=DIRECTION('refdir',(1.,0.,0.));
#1784=DIRECTION('axis',(0.,0.,1.));
#1785=DIRECTION('refdir',(1.,0.,0.));
#1786=DIRECTION('center_axis',(-0.707106781186546,0.,0.707106781186549));
#1787=DIRECTION('ref_axis',(0.707106781186549,0.,0.707106781186546));
#1788=DIRECTION('',(-0.707106781186549,0.,-0.707106781186546));
#1789=DIRECTION('',(0.,1.,0.));
#1790=DIRECTION('',(0.707106781186549,0.,0.707106781186546));
#1791=DIRECTION('',(0.,-1.,0.));
#1792=DIRECTION('center_axis',(-0.707106781186548,0.,-0.707106781186548));
#1793=DIRECTION('ref_axis',(-0.707106781186548,0.,0.707106781186548));
#1794=DIRECTION('',(0.707106781186548,-2.1028024000229E-16,-0.707106781186548));
#1795=DIRECTION('',(0.,-1.,0.));
#1796=DIRECTION('',(-0.707106781186548,0.,0.707106781186548));
#1797=DIRECTION('',(0.,1.,0.));
#1798=DIRECTION('',(0.707106781186548,0.,-0.707106781186548));
#1799=DIRECTION('',(0.,1.,0.));
#1800=DIRECTION('',(-0.707106781186548,-1.15447974903219E-15,0.707106781186548));
#1801=DIRECTION('',(0.,-1.,0.));
#1802=DIRECTION('center_axis',(-1.,0.,0.));
#1803=DIRECTION('ref_axis',(0.,0.,1.));
#1804=DIRECTION('',(0.,-1.63268091856641E-15,1.));
#1805=DIRECTION('',(0.,-1.,0.));
#1806=DIRECTION('',(0.,-2.97381167310309E-16,-1.));
#1807=DIRECTION('center_axis',(0.707106781186554,0.,-0.707106781186541));
#1808=DIRECTION('ref_axis',(-0.707106781186541,0.,-0.707106781186554));
#1809=DIRECTION('',(0.707106781186541,0.,0.707106781186554));
#1810=DIRECTION('',(0.,1.,0.));
#1811=DIRECTION('',(-0.707106781186541,0.,-0.707106781186554));
#1812=DIRECTION('',(0.,-1.,0.));
#1813=DIRECTION('center_axis',(1.,0.,0.));
#1814=DIRECTION('ref_axis',(0.,0.,-1.));
#1815=DIRECTION('',(0.,0.,-1.));
#1816=DIRECTION('',(0.,1.,0.));
#1817=DIRECTION('',(0.,0.,1.));
#1818=DIRECTION('',(0.,1.,0.));
#1819=DIRECTION('',(0.,0.,-1.));
#1820=DIRECTION('center_axis',(0.707106781186548,0.,-0.707106781186548));
#1821=DIRECTION('ref_axis',(-0.707106781186548,0.,-0.707106781186548));
#1822=DIRECTION('',(-0.707106781186548,0.,-0.707106781186548));
#1823=DIRECTION('',(0.,-1.,0.));
#1824=DIRECTION('',(0.707106781186548,0.,0.707106781186548));
#1825=DIRECTION('',(0.,1.,0.));
#1826=DIRECTION('center_axis',(0.,0.,-1.));
#1827=DIRECTION('ref_axis',(-1.,0.,0.));
#1828=DIRECTION('',(-1.,0.,0.));
#1829=DIRECTION('',(-1.,0.,0.));
#1830=DIRECTION('center_axis',(0.707106781186554,0.,0.707106781186541));
#1831=DIRECTION('ref_axis',(0.707106781186541,0.,-0.707106781186554));
#1832=DIRECTION('',(0.707106781186541,0.,-0.707106781186554));
#1833=DIRECTION('',(0.,-1.,0.));
#1834=DIRECTION('',(-0.707106781186541,0.,0.707106781186554));
#1835=DIRECTION('',(0.,1.,0.));
#1836=DIRECTION('center_axis',(1.,0.,1.20024110770287E-15));
#1837=DIRECTION('ref_axis',(1.20024110770287E-15,0.,-1.));
#1838=DIRECTION('',(1.20024110770287E-15,0.,-1.));
#1839=DIRECTION('',(1.20024110770287E-15,0.,-1.));
#1840=DIRECTION('center_axis',(0.894427190999914,0.,-0.447213595499961));
#1841=DIRECTION('ref_axis',(-0.447213595499961,0.,-0.894427190999914));
#1842=DIRECTION('',(0.,-1.,0.));
#1843=DIRECTION('',(-0.408248290463866,-0.408248290463864,-0.816496580927724));
#1844=DIRECTION('',(0.,1.,0.));
#1845=DIRECTION('',(-0.408248290463866,0.408248290463863,-0.816496580927724));
#1846=DIRECTION('center_axis',(-1.,0.,0.));
#1847=DIRECTION('ref_axis',(0.,1.,0.));
#1848=DIRECTION('',(0.,0.,-1.));
#1849=DIRECTION('',(0.,-1.,0.));
#1850=DIRECTION('',(0.,0.,-1.));
#1851=DIRECTION('center_axis',(0.,0.707106781186524,-0.707106781186571));
#1852=DIRECTION('ref_axis',(-1.,0.,0.));
#1853=DIRECTION('',(-1.,0.,0.));
#1854=DIRECTION('',(1.,0.,0.));
#1855=DIRECTION('',(0.,0.707106781186571,0.707106781186524));
#1856=DIRECTION('center_axis',(0.,0.707106781186548,0.707106781186547));
#1857=DIRECTION('ref_axis',(1.,0.,0.));
#1858=DIRECTION('',(-1.,0.,0.));
#1859=DIRECTION('',(1.,0.,0.));
#1860=DIRECTION('',(0.,-0.707106781186547,0.707106781186548));
#1861=DIRECTION('center_axis',(0.,1.,0.));
#1862=DIRECTION('ref_axis',(0.552770798392567,0.,0.833333333333333));
#1863=DIRECTION('center_axis',(0.,1.,0.));
#1864=DIRECTION('ref_axis',(0.552770798392567,0.,0.833333333333333));
#1865=DIRECTION('center_axis',(0.,-1.,0.));
#1866=DIRECTION('ref_axis',(0.552770798392567,0.,0.833333333333333));
#1867=DIRECTION('center_axis',(0.,1.,0.));
#1868=DIRECTION('ref_axis',(-1.,0.,0.));
#1869=DIRECTION('',(0.,0.,-1.));
#1870=DIRECTION('center_axis',(0.,0.,1.));
#1871=DIRECTION('ref_axis',(-1.,0.,0.));
#1872=DIRECTION('',(0.,-1.,0.));
#1873=DIRECTION('',(0.,-1.,0.));
#1874=DIRECTION('center_axis',(0.,-1.,0.));
#1875=DIRECTION('ref_axis',(0.552770798392567,0.,0.833333333333333));
#1876=DIRECTION('center_axis',(0.,-1.,0.));
#1877=DIRECTION('ref_axis',(0.249999999999666,0.,0.968245836551941));
#1878=DIRECTION('center_axis',(0.,-1.,0.));
#1879=DIRECTION('ref_axis',(0.552770798392567,0.,0.833333333333333));
#1880=DIRECTION('center_axis',(0.,1.,0.));
#1881=DIRECTION('ref_axis',(0.552770798392567,0.,0.833333333333333));
#1882=DIRECTION('',(0.,-1.,0.));
#1883=DIRECTION('center_axis',(0.,0.707106781186524,-0.707106781186571));
#1884=DIRECTION('ref_axis',(-1.,0.,0.));
#1885=DIRECTION('',(1.,0.,0.));
#1886=DIRECTION('',(-1.,0.,0.));
#1887=DIRECTION('',(0.,-0.707106781186571,-0.707106781186524));
#1888=DIRECTION('center_axis',(0.,1.,0.));
#1889=DIRECTION('ref_axis',(-0.552770798392567,0.,-0.833333333333333));
#1890=DIRECTION('center_axis',(0.,1.,0.));
#1891=DIRECTION('ref_axis',(-0.552770798392567,0.,-0.833333333333333));
#1892=DIRECTION('center_axis',(0.,-1.,0.));
#1893=DIRECTION('ref_axis',(-0.552770798392567,0.,-0.833333333333333));
#1894=DIRECTION('center_axis',(0.,0.707106781186548,0.707106781186547));
#1895=DIRECTION('ref_axis',(1.,0.,0.));
#1896=DIRECTION('',(1.,0.,0.));
#1897=DIRECTION('',(-1.,0.,0.));
#1898=DIRECTION('',(0.,0.707106781186547,-0.707106781186548));
#1899=DIRECTION('center_axis',(0.,1.,0.));
#1900=DIRECTION('ref_axis',(-1.,0.,0.));
#1901=DIRECTION('',(0.,0.,1.));
#1902=DIRECTION('center_axis',(0.,0.,-1.));
#1903=DIRECTION('ref_axis',(1.,0.,0.));
#1904=DIRECTION('',(0.,-1.,0.));
#1905=DIRECTION('',(0.,-1.,0.));
#1906=DIRECTION('center_axis',(0.,-1.,0.));
#1907=DIRECTION('ref_axis',(-0.552770798392567,0.,-0.833333333333333));
#1908=DIRECTION('center_axis',(0.,-1.,0.));
#1909=DIRECTION('ref_axis',(-0.24999999999967,0.,-0.96824583655194));
#1910=DIRECTION('center_axis',(0.,-1.,0.));
#1911=DIRECTION('ref_axis',(-0.552770798392567,0.,-0.833333333333333));
#1912=DIRECTION('center_axis',(0.,1.,0.));
#1913=DIRECTION('ref_axis',(0.552770798392567,0.,0.833333333333333));
#1914=DIRECTION('',(0.,-1.,0.));
#1915=DIRECTION('center_axis',(0.,0.,1.));
#1916=DIRECTION('ref_axis',(-1.,0.,0.));
#1917=DIRECTION('',(0.,-1.,0.));
#1918=DIRECTION('center_axis',(0.,0.,-1.));
#1919=DIRECTION('ref_axis',(1.,0.,0.));
#1920=DIRECTION('',(0.,-1.,0.));
#1921=DIRECTION('center_axis',(0.,1.,0.));
#1922=DIRECTION('ref_axis',(0.249999999999666,0.,0.968245836551941));
#1923=DIRECTION('',(0.,-1.,0.));
#1924=DIRECTION('center_axis',(0.,-1.,0.));
#1925=DIRECTION('ref_axis',(0.249999999999666,0.,0.968245836551941));
#1926=DIRECTION('',(0.,-1.,0.));
#1927=DIRECTION('center_axis',(1.,0.,0.));
#1928=DIRECTION('ref_axis',(0.,0.,1.));
#1929=DIRECTION('',(0.,0.,-1.));
#1930=DIRECTION('center_axis',(-1.,0.,0.));
#1931=DIRECTION('ref_axis',(0.,0.,-1.));
#1932=DIRECTION('',(0.,-1.,0.));
#1933=DIRECTION('',(0.,0.,1.));
#1934=DIRECTION('',(0.,-1.,0.));
#1935=DIRECTION('center_axis',(0.,1.,0.));
#1936=DIRECTION('ref_axis',(-0.24999999999967,0.,-0.96824583655194));
#1937=DIRECTION('center_axis',(0.,-1.,0.));
#1938=DIRECTION('ref_axis',(-0.24999999999967,0.,-0.96824583655194));
#1939=DIRECTION('center_axis',(-1.,0.,2.65890379221768E-15));
#1940=DIRECTION('ref_axis',(2.65890379221768E-15,0.,1.));
#1941=DIRECTION('',(2.65890379221768E-15,0.,1.));
#1942=DIRECTION('',(0.,1.,0.));
#1943=DIRECTION('',(2.65890379221768E-15,0.,1.));
#1944=DIRECTION('center_axis',(-0.707106781186545,0.,0.707106781186551));
#1945=DIRECTION('ref_axis',(0.707106781186551,0.,0.707106781186545));
#1946=DIRECTION('',(0.70710678118655,0.,0.707106781186544));
#1947=DIRECTION('',(0.,1.,0.));
#1948=DIRECTION('',(0.70710678118655,0.,0.707106781186544));
#1949=DIRECTION('center_axis',(-1.,0.,-1.29219151317171E-15));
#1950=DIRECTION('ref_axis',(-1.29219151317171E-15,0.,1.));
#1951=DIRECTION('',(-1.29219151317171E-15,0.,1.));
#1952=DIRECTION('',(0.,1.,0.));
#1953=DIRECTION('',(-1.29219151317171E-15,0.,1.));
#1954=DIRECTION('center_axis',(-0.707106781186548,0.,-0.707106781186548));
#1955=DIRECTION('ref_axis',(-0.707106781186548,0.,0.707106781186548));
#1956=DIRECTION('',(-0.707106781186548,0.,0.707106781186548));
#1957=DIRECTION('',(0.,1.,0.));
#1958=DIRECTION('',(-0.707106781186548,0.,0.707106781186548));
#1959=DIRECTION('center_axis',(-1.,0.,3.15915093933637E-15));
#1960=DIRECTION('ref_axis',(3.15915093933637E-15,0.,1.));
#1961=DIRECTION('',(3.15915093933637E-15,0.,1.));
#1962=DIRECTION('',(3.15915093933637E-15,0.,1.));
#1963=DIRECTION('center_axis',(-0.707106781186546,0.,-0.707106781186549));
#1964=DIRECTION('ref_axis',(-0.707106781186549,0.,0.707106781186546));
#1965=DIRECTION('',(0.707106781186549,0.,-0.707106781186546));
#1966=DIRECTION('',(0.,-1.,0.));
#1967=DIRECTION('',(-0.707106781186549,0.,0.707106781186546));
#1968=DIRECTION('',(0.,1.,0.));
#1969=DIRECTION('center_axis',(0.,0.,-1.));
#1970=DIRECTION('ref_axis',(-1.,0.,0.));
#1971=DIRECTION('',(1.,0.,0.));
#1972=DIRECTION('',(1.,0.,0.));
#1973=DIRECTION('',(1.,0.,0.));
#1974=DIRECTION('',(0.,1.,0.));
#1975=DIRECTION('',(-1.,0.,0.));
#1976=DIRECTION('center_axis',(0.,1.,0.));
#1977=DIRECTION('ref_axis',(0.,0.,1.));
#1978=DIRECTION('',(-3.15915093933637E-15,0.,1.));
#1979=DIRECTION('',(0.707106781186548,0.,0.707106781186548));
#1980=DIRECTION('',(1.29219151317171E-15,0.,1.));
#1981=DIRECTION('',(-0.70710678118655,0.,0.707106781186544));
#1982=DIRECTION('',(-2.65890379221768E-15,0.,1.));
#1983=DIRECTION('',(-0.707106781186548,0.,-0.707106781186548));
#1984=DIRECTION('',(-1.,0.,0.));
#1985=DIRECTION('',(-1.,0.,0.));
#1986=DIRECTION('',(1.,0.,0.));
#1987=DIRECTION('',(0.707106781186541,0.,0.707106781186554));
#1988=DIRECTION('',(-1.20024110770287E-15,0.,-1.));
#1989=DIRECTION('',(-0.707106781186548,0.,0.707106781186548));
#1990=DIRECTION('',(1.,0.,0.));
#1991=DIRECTION('',(-0.707106781186541,0.,0.707106781186554));
#1992=DIRECTION('',(0.,0.,-1.));
#1993=DIRECTION('center_axis',(-0.707106781186548,0.,0.707106781186548));
#1994=DIRECTION('ref_axis',(0.707106781186548,0.,0.707106781186548));
#1995=DIRECTION('',(-0.707106781186548,-2.1028024000229E-16,-0.707106781186548));
#1996=DIRECTION('',(0.,-1.,0.));
#1997=DIRECTION('',(0.707106781186548,-1.15447974903219E-15,0.707106781186548));
#1998=DIRECTION('',(0.,1.,0.));
#1999=DIRECTION('',(0.,1.,0.));
#2000=DIRECTION('',(0.707106781186548,0.,0.707106781186548));
#2001=DIRECTION('',(0.,-1.,0.));
#2002=DIRECTION('center_axis',(0.,0.,1.));
#2003=DIRECTION('ref_axis',(0.,1.,0.));
#2004=DIRECTION('',(1.,0.,0.));
#2005=DIRECTION('',(1.,0.,0.));
#2006=DIRECTION('',(1.,1.97548580894156E-16,0.));
#2007=DIRECTION('',(0.,-1.,0.));
#2008=DIRECTION('center_axis',(0.,-1.,-1.63268091856641E-15));
#2009=DIRECTION('ref_axis',(0.,-1.63268091856641E-15,1.));
#2010=DIRECTION('',(0.,-1.63268091856641E-15,1.));
#2011=DIRECTION('',(1.,0.,0.));
#2012=DIRECTION('center_axis',(-1.,0.,0.));
#2013=DIRECTION('ref_axis',(0.,0.,1.));
#2014=DIRECTION('',(0.,-2.97381167310309E-16,-1.));
#2015=DIRECTION('',(0.,-1.,0.));
#2016=DIRECTION('center_axis',(0.,1.,-2.97381167310309E-16));
#2017=DIRECTION('ref_axis',(0.,-2.97381167310309E-16,-1.));
#2018=DIRECTION('',(1.,0.,0.));
#2019=DIRECTION('',(1.,0.,0.));
#2020=DIRECTION('center_axis',(0.707106781186554,0.,0.707106781186541));
#2021=DIRECTION('ref_axis',(0.707106781186541,0.,-0.707106781186554));
#2022=DIRECTION('',(0.,-1.,0.));
#2023=DIRECTION('',(0.707106781186541,0.,-0.707106781186554));
#2024=DIRECTION('',(0.,1.,0.));
#2025=DIRECTION('center_axis',(1.,0.,0.));
#2026=DIRECTION('ref_axis',(0.,0.,-1.));
#2027=DIRECTION('',(0.,0.,-1.));
#2028=DIRECTION('',(0.,0.,1.));
#2029=DIRECTION('',(0.,1.,0.));
#2030=DIRECTION('center_axis',(0.707106781186548,0.,0.707106781186548));
#2031=DIRECTION('ref_axis',(0.707106781186548,0.,-0.707106781186548));
#2032=DIRECTION('',(0.707106781186548,0.,-0.707106781186548));
#2033=DIRECTION('',(0.,1.,0.));
#2034=DIRECTION('',(0.,-1.,0.));
#2035=DIRECTION('center_axis',(0.,0.,1.));
#2036=DIRECTION('ref_axis',(1.,0.,0.));
#2037=DIRECTION('',(1.,0.,0.));
#2038=DIRECTION('center_axis',(0.707106781186554,0.,-0.707106781186541));
#2039=DIRECTION('ref_axis',(-0.707106781186541,0.,-0.707106781186554));
#2040=DIRECTION('',(-0.707106781186541,0.,-0.707106781186554));
#2041=DIRECTION('',(0.,1.,0.));
#2042=DIRECTION('',(0.,-1.,0.));
#2043=DIRECTION('center_axis',(1.,0.,-1.20024110770287E-15));
#2044=DIRECTION('ref_axis',(-1.20024110770287E-15,0.,-1.));
#2045=DIRECTION('',(-1.20024110770287E-15,0.,-1.));
#2046=DIRECTION('center_axis',(0.,-0.894427190999915,0.447213595499959));
#2047=DIRECTION('ref_axis',(0.,-0.447213595499959,-0.894427190999915));
#2048=DIRECTION('',(1.,0.,0.));
#2049=DIRECTION('',(0.408248290463866,-0.408248290463864,-0.816496580927724));
#2050=DIRECTION('center_axis',(0.894427190999914,0.,0.447213595499961));
#2051=DIRECTION('ref_axis',(0.447213595499961,0.,-0.894427190999914));
#2052=DIRECTION('',(0.408248290463866,0.408248290463863,-0.816496580927724));
#2053=DIRECTION('',(0.,1.,0.));
#2054=DIRECTION('center_axis',(-1.76692822295179E-16,0.894427190999916,
0.447213595499959));
#2055=DIRECTION('ref_axis',(0.,-0.447213595499959,0.894427190999916));
#2056=DIRECTION('',(-1.,-1.97548580894156E-16,0.));
#2057=DIRECTION('center_axis',(0.,1.,0.));
#2058=DIRECTION('ref_axis',(1.,0.,0.));
#2059=DIRECTION('',(0.,0.,-1.));
#2060=DIRECTION('',(-1.,0.,0.));
#2061=DIRECTION('center_axis',(-1.,0.,0.));
#2062=DIRECTION('ref_axis',(0.,1.,0.));
#2063=DIRECTION('',(0.,0.,-1.));
#2064=DIRECTION('',(0.,-1.,0.));
#2065=DIRECTION('center_axis',(1.97548580894156E-16,-1.,0.));
#2066=DIRECTION('ref_axis',(-1.,-1.97548580894156E-16,0.));
#2067=DIRECTION('',(1.,1.97548580894156E-16,0.));
#2068=DIRECTION('center_axis',(0.,0.,-1.));
#2069=DIRECTION('ref_axis',(-1.,0.,0.));
#2070=DIRECTION('',(-1.,0.,0.));
#2071=DIRECTION('center_axis',(0.,0.,-1.));
#2072=DIRECTION('ref_axis',(0.,-1.,0.));
#2073=DIRECTION('center_axis',(0.,0.,-1.));
#2074=DIRECTION('ref_axis',(0.,-1.,0.));
#2075=DIRECTION('',(1.,0.,0.));
#2076=DIRECTION('center_axis',(0.,-1.,0.));
#2077=DIRECTION('ref_axis',(0.,0.,-1.));
#2078=DIRECTION('',(1.,0.,0.));
#2079=DIRECTION('center_axis',(0.,0.,1.));
#2080=DIRECTION('ref_axis',(0.,-1.,0.));
#2081=DIRECTION('center_axis',(0.,-0.707106781186524,0.707106781186571));
#2082=DIRECTION('ref_axis',(1.,0.,0.));
#2083=DIRECTION('',(1.,0.,0.));
#2084=DIRECTION('',(0.,0.707106781186571,0.707106781186524));
#2085=DIRECTION('',(-1.,0.,0.));
#2086=DIRECTION('center_axis',(0.,-0.707106781186548,-0.707106781186547));
#2087=DIRECTION('ref_axis',(-1.,0.,0.));
#2088=DIRECTION('',(1.,0.,0.));
#2089=DIRECTION('',(0.,-0.707106781186547,0.707106781186548));
#2090=DIRECTION('',(-1.,0.,0.));
#2091=DIRECTION('center_axis',(0.,1.,0.));
#2092=DIRECTION('ref_axis',(-0.552770798392567,0.,0.833333333333333));
#2093=DIRECTION('center_axis',(0.,-1.,0.));
#2094=DIRECTION('ref_axis',(-0.552770798392567,0.,0.833333333333333));
#2095=DIRECTION('center_axis',(0.,1.,0.));
#2096=DIRECTION('ref_axis',(-0.552770798392567,0.,0.833333333333333));
#2097=DIRECTION('center_axis',(0.,-1.,0.));
#2098=DIRECTION('ref_axis',(1.,0.,0.));
#2099=DIRECTION('',(0.,0.,-1.));
#2100=DIRECTION('center_axis',(0.,0.,-1.));
#2101=DIRECTION('ref_axis',(1.,0.,0.));
#2102=DIRECTION('',(0.,-1.,0.));
#2103=DIRECTION('',(0.,-1.,0.));
#2104=DIRECTION('center_axis',(0.,-1.,0.));
#2105=DIRECTION('ref_axis',(-0.552770798392567,0.,0.833333333333333));
#2106=DIRECTION('center_axis',(0.,1.,0.));
#2107=DIRECTION('ref_axis',(-0.552770798392567,0.,0.833333333333333));
#2108=DIRECTION('center_axis',(0.,1.,0.));
#2109=DIRECTION('ref_axis',(-0.249999999999666,0.,0.968245836551941));
#2110=DIRECTION('center_axis',(0.,-1.,0.));
#2111=DIRECTION('ref_axis',(-0.552770798392567,0.,0.833333333333333));
#2112=DIRECTION('',(0.,-1.,0.));
#2113=DIRECTION('center_axis',(0.,-0.707106781186524,0.707106781186571));
#2114=DIRECTION('ref_axis',(1.,0.,0.));
#2115=DIRECTION('',(-1.,0.,0.));
#2116=DIRECTION('',(0.,-0.707106781186571,-0.707106781186524));
#2117=DIRECTION('',(1.,0.,0.));
#2118=DIRECTION('center_axis',(0.,1.,0.));
#2119=DIRECTION('ref_axis',(0.552770798392567,0.,-0.833333333333333));
#2120=DIRECTION('center_axis',(0.,-1.,0.));
#2121=DIRECTION('ref_axis',(0.552770798392567,0.,-0.833333333333333));
#2122=DIRECTION('center_axis',(0.,1.,0.));
#2123=DIRECTION('ref_axis',(0.552770798392567,0.,-0.833333333333333));
#2124=DIRECTION('center_axis',(0.,-0.707106781186548,-0.707106781186547));
#2125=DIRECTION('ref_axis',(-1.,0.,0.));
#2126=DIRECTION('',(-1.,0.,0.));
#2127=DIRECTION('',(0.,0.707106781186547,-0.707106781186548));
#2128=DIRECTION('',(1.,0.,0.));
#2129=DIRECTION('center_axis',(0.,-1.,0.));
#2130=DIRECTION('ref_axis',(1.,0.,0.));
#2131=DIRECTION('',(0.,0.,1.));
#2132=DIRECTION('center_axis',(0.,0.,1.));
#2133=DIRECTION('ref_axis',(-1.,0.,0.));
#2134=DIRECTION('',(0.,-1.,0.));
#2135=DIRECTION('',(0.,-1.,0.));
#2136=DIRECTION('center_axis',(0.,-1.,0.));
#2137=DIRECTION('ref_axis',(0.552770798392567,0.,-0.833333333333333));
#2138=DIRECTION('center_axis',(0.,1.,0.));
#2139=DIRECTION('ref_axis',(0.552770798392567,0.,-0.833333333333333));
#2140=DIRECTION('center_axis',(0.,1.,0.));
#2141=DIRECTION('ref_axis',(0.24999999999967,0.,-0.96824583655194));
#2142=DIRECTION('center_axis',(0.,-1.,0.));
#2143=DIRECTION('ref_axis',(-0.552770798392567,0.,0.833333333333333));
#2144=DIRECTION('',(0.,-1.,0.));
#2145=DIRECTION('center_axis',(0.,0.,-1.));
#2146=DIRECTION('ref_axis',(1.,0.,0.));
#2147=DIRECTION('',(0.,-1.,0.));
#2148=DIRECTION('center_axis',(0.,0.,1.));
#2149=DIRECTION('ref_axis',(-1.,0.,0.));
#2150=DIRECTION('',(0.,-1.,0.));
#2151=DIRECTION('center_axis',(0.,-1.,0.));
#2152=DIRECTION('ref_axis',(-0.249999999999666,0.,0.968245836551941));
#2153=DIRECTION('',(0.,-1.,0.));
#2154=DIRECTION('center_axis',(0.,1.,0.));
#2155=DIRECTION('ref_axis',(-0.249999999999666,0.,0.968245836551941));
#2156=DIRECTION('',(0.,-1.,0.));
#2157=DIRECTION('center_axis',(1.,0.,0.));
#2158=DIRECTION('ref_axis',(0.,0.,1.));
#2159=DIRECTION('',(0.,0.,-1.));
#2160=DIRECTION('center_axis',(-1.,0.,0.));
#2161=DIRECTION('ref_axis',(0.,0.,-1.));
#2162=DIRECTION('',(0.,-1.,0.));
#2163=DIRECTION('',(0.,0.,1.));
#2164=DIRECTION('',(0.,-1.,0.));
#2165=DIRECTION('center_axis',(0.,-1.,0.));
#2166=DIRECTION('ref_axis',(0.24999999999967,0.,-0.96824583655194));
#2167=DIRECTION('center_axis',(0.,1.,0.));
#2168=DIRECTION('ref_axis',(0.24999999999967,0.,-0.96824583655194));
#2169=DIRECTION('center_axis',(-1.,0.,-2.65890379221768E-15));
#2170=DIRECTION('ref_axis',(-2.65890379221768E-15,0.,1.));
#2171=DIRECTION('',(-2.65890379221768E-15,0.,1.));
#2172=DIRECTION('',(0.,1.,0.));
#2173=DIRECTION('center_axis',(-0.707106781186545,0.,-0.707106781186551));
#2174=DIRECTION('ref_axis',(-0.707106781186551,0.,0.707106781186545));
#2175=DIRECTION('',(-0.70710678118655,0.,0.707106781186544));
#2176=DIRECTION('',(0.,1.,0.));
#2177=DIRECTION('center_axis',(-1.,0.,1.29219151317171E-15));
#2178=DIRECTION('ref_axis',(1.29219151317171E-15,0.,1.));
#2179=DIRECTION('',(1.29219151317171E-15,0.,1.));
#2180=DIRECTION('',(0.,1.,0.));
#2181=DIRECTION('center_axis',(-0.707106781186548,0.,0.707106781186548));
#2182=DIRECTION('ref_axis',(0.707106781186548,0.,0.707106781186548));
#2183=DIRECTION('',(0.707106781186548,0.,0.707106781186548));
#2184=DIRECTION('',(0.,1.,0.));
#2185=DIRECTION('center_axis',(-1.,0.,-3.15915093933637E-15));
#2186=DIRECTION('ref_axis',(-3.15915093933637E-15,0.,1.));
#2187=DIRECTION('',(-3.15915093933637E-15,0.,1.));
#2188=DIRECTION('center_axis',(0.,1.,0.));
#2189=DIRECTION('ref_axis',(1.,0.,0.));
#2190=DIRECTION('',(0.,0.,1.));
#2191=DIRECTION('',(1.,0.,0.));
#2192=CARTESIAN_POINT('',(0.,0.,0.));
#2193=CARTESIAN_POINT('',(0.,0.,0.));
#2194=CARTESIAN_POINT('Origin',(58.55,1.595,38.25));
#2195=CARTESIAN_POINT('',(59.3,3.595,39.));
#2196=CARTESIAN_POINT('',(57.8,3.595,37.5));
#2197=CARTESIAN_POINT('',(58.825,3.595,38.525));
#2198=CARTESIAN_POINT('',(59.3,1.595,39.));
#2199=CARTESIAN_POINT('',(59.3,1.595,39.));
#2200=CARTESIAN_POINT('',(57.8,1.595,37.5));
#2201=CARTESIAN_POINT('',(58.825,1.595,38.525));
#2202=CARTESIAN_POINT('',(57.8,1.595,37.5));
#2203=CARTESIAN_POINT('Origin',(58.75,0.448749999999995,52.5500000000001));
#2204=CARTESIAN_POINT('',(59.,-0.100000000000004,52.3000000000001));
#2205=CARTESIAN_POINT('',(59.5,-0.100000000000004,51.8000000000001));
#2206=CARTESIAN_POINT('',(55.875,-0.100000000000003,55.4250000000001));
#2207=CARTESIAN_POINT('',(59.,1.595,52.3000000000001));
#2208=CARTESIAN_POINT('',(59.,1.021875,52.3000000000001));
#2209=CARTESIAN_POINT('',(59.3000000000001,1.595,52.0000000000001));
#2210=CARTESIAN_POINT('',(59.3,1.595,52.0000000000001));
#2211=CARTESIAN_POINT('',(59.3000000000001,3.595,52.0000000000001));
#2212=CARTESIAN_POINT('',(59.3000000000001,1.595,52.0000000000001));
#2213=CARTESIAN_POINT('',(58.,3.595,53.3000000000001));
#2214=CARTESIAN_POINT('',(59.3,3.595,52.0000000000001));
#2215=CARTESIAN_POINT('',(58.,-0.600000000000007,53.3000000000001));
#2216=CARTESIAN_POINT('',(58.,0.448749999999995,53.3000000000001));
#2217=CARTESIAN_POINT('',(59.5,-0.600000000000005,51.8000000000001));
#2218=CARTESIAN_POINT('',(56.05,-0.60000000000001,55.2500000000001));
#2219=CARTESIAN_POINT('',(59.5,0.448749999999995,51.8000000000001));
#2220=CARTESIAN_POINT('Origin',(59.5,1.4975,52.4500000000001));
#2221=CARTESIAN_POINT('',(59.5,-0.600000000000004,51.6000000000001));
#2222=CARTESIAN_POINT('',(59.5,-0.600000000000004,51.6000000000001));
#2223=CARTESIAN_POINT('',(59.5,-0.100000000000004,51.6000000000001));
#2224=CARTESIAN_POINT('',(59.5,-0.100000000000004,51.6000000000001));
#2225=CARTESIAN_POINT('',(59.5,-0.100000000000004,52.3000000000001));
#2226=CARTESIAN_POINT('Origin',(54.75,1.595,42.));
#2227=CARTESIAN_POINT('',(54.5,3.595,41.75));
#2228=CARTESIAN_POINT('',(55.,3.595,42.25));
#2229=CARTESIAN_POINT('',(55.0375,3.595,42.2875000000001));
#2230=CARTESIAN_POINT('',(54.5,1.595,41.75));
#2231=CARTESIAN_POINT('',(54.5,1.595,41.75));
#2232=CARTESIAN_POINT('',(55.,1.595,42.25));
#2233=CARTESIAN_POINT('',(55.0375,1.595,42.2875000000001));
#2234=CARTESIAN_POINT('',(55.,1.595,42.25));
#2235=CARTESIAN_POINT('Origin',(54.5,1.595,42.25));
#2236=CARTESIAN_POINT('',(54.5,3.595,40.75));
#2237=CARTESIAN_POINT('',(54.5,3.595,42.25));
#2238=CARTESIAN_POINT('',(54.5,3.095,40.75));
#2239=CARTESIAN_POINT('',(54.5,2.595,40.75));
#2240=CARTESIAN_POINT('',(54.5,3.095,37.5));
#2241=CARTESIAN_POINT('',(54.5,3.095,41.5));
#2242=CARTESIAN_POINT('',(54.5,1.595,37.5));
#2243=CARTESIAN_POINT('',(54.5,1.595,37.5));
#2244=CARTESIAN_POINT('',(54.5,1.595,42.25));
#2245=CARTESIAN_POINT('Origin',(56.55,1.595,42.5000000000001));
#2246=CARTESIAN_POINT('',(56.8,1.595,42.75));
#2247=CARTESIAN_POINT('',(56.3,1.595,42.25));
#2248=CARTESIAN_POINT('',(56.2625,1.595,42.2125));
#2249=CARTESIAN_POINT('',(56.8,3.595,42.75));
#2250=CARTESIAN_POINT('',(56.8,1.595,42.75));
#2251=CARTESIAN_POINT('',(56.3,3.595,42.25));
#2252=CARTESIAN_POINT('',(56.2625,3.595,42.2125));
#2253=CARTESIAN_POINT('',(56.3,1.595,42.25));
#2254=CARTESIAN_POINT('Origin',(56.8,1.595,42.25));
#2255=CARTESIAN_POINT('',(56.8,1.595,42.25));
#2256=CARTESIAN_POINT('',(56.8,3.595,42.25));
#2257=CARTESIAN_POINT('Origin',(56.55,1.595,49.4));
#2258=CARTESIAN_POINT('',(56.3,1.595,49.65));
#2259=CARTESIAN_POINT('',(56.8,1.595,49.15));
#2260=CARTESIAN_POINT('',(56.8625,1.595,49.0875));
#2261=CARTESIAN_POINT('',(56.3,3.595,49.65));
#2262=CARTESIAN_POINT('',(56.3,1.595,49.65));
#2263=CARTESIAN_POINT('',(56.8,3.595,49.15));
#2264=CARTESIAN_POINT('',(56.8625,3.595,49.0875));
#2265=CARTESIAN_POINT('',(56.8,1.595,49.15));
#2266=CARTESIAN_POINT('Origin',(56.8,1.595,49.65));
#2267=CARTESIAN_POINT('',(56.8,1.595,49.65));
#2268=CARTESIAN_POINT('',(56.8,3.595,49.65));
#2269=CARTESIAN_POINT('Origin',(54.275,0.904999999999996,52.8000000000001));
#2270=CARTESIAN_POINT('',(54.525,3.41,53.3000000000001));
#2271=CARTESIAN_POINT('',(54.525,1.91,53.3000000000001));
#2272=CARTESIAN_POINT('',(54.525,0.904999999999996,53.3000000000001));
#2273=CARTESIAN_POINT('',(54.025,2.91,52.3000000000001));
#2274=CARTESIAN_POINT('',(54.525,3.41,53.3000000000001));
#2275=CARTESIAN_POINT('',(54.025,2.41,52.3000000000001));
#2276=CARTESIAN_POINT('',(54.025,0.904999999999996,52.3000000000001));
#2277=CARTESIAN_POINT('',(54.525,1.91,53.3000000000001));
#2278=CARTESIAN_POINT('Origin',(54.025,2.41,53.3000000000001));
#2279=CARTESIAN_POINT('',(54.025,2.91,49.6500000000001));
#2280=CARTESIAN_POINT('',(54.025,2.91,53.3000000000001));
#2281=CARTESIAN_POINT('',(54.025,2.41,49.6500000000001));
#2282=CARTESIAN_POINT('',(54.025,2.0025,49.65));
#2283=CARTESIAN_POINT('',(54.025,2.41,53.3000000000001));
#2284=CARTESIAN_POINT('Origin',(57.4374999999998,-0.4,40.9));
#2285=CARTESIAN_POINT('',(57.6,-0.5,40.8000000000001));
#2286=CARTESIAN_POINT('',(57.2499999999997,-0.5,40.8000000000001));
#2287=CARTESIAN_POINT('',(57.4374999999998,-0.5,40.8000000000001));
#2288=CARTESIAN_POINT('',(57.6633249580711,-0.3,41.));
#2289=CARTESIAN_POINT('Ctrl Pts',(57.6633249580711,-0.300000000000002,41.));
#2290=CARTESIAN_POINT('Ctrl Pts',(57.6432366473755,-0.366625389249331,40.9333746107507));
#2291=CARTESIAN_POINT('Ctrl Pts',(57.6221036832884,-0.433688950134848,40.8663110498652));
#2292=CARTESIAN_POINT('Ctrl Pts',(57.6,-0.500000000000003,40.8000000000001));
#2293=CARTESIAN_POINT('',(57.2499999999997,-0.3,41.));
#2294=CARTESIAN_POINT('',(57.4374999999998,-0.3,41.));
#2295=CARTESIAN_POINT('',(57.2499999999997,-0.368311459137954,40.9316885408621));
#2296=CARTESIAN_POINT('Origin',(57.6441624790355,-0.4,39.1));
#2297=CARTESIAN_POINT('',(57.6633249580711,-0.3,39.));
#2298=CARTESIAN_POINT('',(57.2499999999997,-0.3,39.));
#2299=CARTESIAN_POINT('',(57.6441624790355,-0.3,39.));
#2300=CARTESIAN_POINT('',(57.6,-0.5,39.2));
#2301=CARTESIAN_POINT('Ctrl Pts',(57.6,-0.499999999999999,39.2));
#2302=CARTESIAN_POINT('Ctrl Pts',(57.6221036832885,-0.433688950134519,39.1336889501346));
#2303=CARTESIAN_POINT('Ctrl Pts',(57.6432366473758,-0.36662538924849,39.0666253892485));
#2304=CARTESIAN_POINT('Ctrl Pts',(57.6633249580711,-0.299999999999999,39.));
#2305=CARTESIAN_POINT('',(57.2499999999997,-0.5,39.2));
#2306=CARTESIAN_POINT('',(57.6441624790355,-0.5,39.2));
#2307=CARTESIAN_POINT('',(57.2499999999997,0.115811459137985,38.5841885408621));
#2308=CARTESIAN_POINT('Origin',(57.,-0.4,40.));
#2309=CARTESIAN_POINT('Origin',(57.,-0.3,40.));
#2310=CARTESIAN_POINT('Origin',(57.,-0.5,40.));
#2311=CARTESIAN_POINT('Origin',(57.6249999999999,-0.5,40.));
#2312=CARTESIAN_POINT('',(57.2499999999997,-0.5,39.5));
#2313=CARTESIAN_POINT('Origin',(57.6633249580711,0.,39.));
#2314=CARTESIAN_POINT('',(57.2499999999997,-0.0307764064043384,39.));
#2315=CARTESIAN_POINT('',(57.2499999999997,0.,39.));
#2316=CARTESIAN_POINT('',(57.6633249580711,-0.2,39.));
#2317=CARTESIAN_POINT('Ctrl Pts',(57.2499999999997,-0.0307764064043384,
39.));
#2318=CARTESIAN_POINT('Ctrl Pts',(57.44098535099,-0.0770971578795051,39.));
#2319=CARTESIAN_POINT('Ctrl Pts',(57.6633249580711,-0.2,39.));
#2320=CARTESIAN_POINT('',(57.6633249580711,0.,39.));
#2321=CARTESIAN_POINT('Origin',(57.,-0.1,40.));
#2322=CARTESIAN_POINT('',(57.2499999999997,0.,39.0317541634481));
#2323=CARTESIAN_POINT('Ctrl Pts',(57.2499999999997,0.,39.0317541634481));
#2324=CARTESIAN_POINT('Ctrl Pts',(57.2499999999997,-0.0151399417753148,
39.0161176988192));
#2325=CARTESIAN_POINT('Ctrl Pts',(57.2499999999997,-0.0307764064043384,
39.));
#2326=CARTESIAN_POINT('',(57.2499999999997,0.,40.968245836552));
#2327=CARTESIAN_POINT('Origin',(57.,0.,40.));
#2328=CARTESIAN_POINT('',(57.2499999999997,-0.0307764064043341,41.));
#2329=CARTESIAN_POINT('Ctrl Pts',(57.2499999999997,-0.0307764064043341,
41.));
#2330=CARTESIAN_POINT('Ctrl Pts',(57.2499999999997,-0.0151399417753779,
40.9838823011809));
#2331=CARTESIAN_POINT('Ctrl Pts',(57.2499999999997,0.,40.968245836552));
#2332=CARTESIAN_POINT('',(57.6633249580711,-0.2,41.));
#2333=CARTESIAN_POINT('Ctrl Pts',(57.6633249580711,-0.2,41.));
#2334=CARTESIAN_POINT('Ctrl Pts',(57.44098535099,-0.0770971578795002,41.));
#2335=CARTESIAN_POINT('Ctrl Pts',(57.2499999999997,-0.0307764064043341,
41.));
#2336=CARTESIAN_POINT('Origin',(57.,-0.2,40.));
#2337=CARTESIAN_POINT('Origin',(57.,0.,40.));
#2338=CARTESIAN_POINT('',(57.6633249580711,0.,41.));
#2339=CARTESIAN_POINT('Origin',(56.3558375209646,-0.4,40.9));
#2340=CARTESIAN_POINT('',(56.3366750419289,-0.3,41.));
#2341=CARTESIAN_POINT('',(56.7500000000003,-0.3,41.));
#2342=CARTESIAN_POINT('',(56.3558375209646,-0.3,41.));
#2343=CARTESIAN_POINT('',(56.4,-0.5,40.8000000000001));
#2344=CARTESIAN_POINT('Ctrl Pts',(56.4,-0.500000000000003,40.8000000000001));
#2345=CARTESIAN_POINT('Ctrl Pts',(56.3778963167117,-0.43368895013508,40.866311049865));
#2346=CARTESIAN_POINT('Ctrl Pts',(56.3567633526247,-0.366625389249923,40.9333746107501));
#2347=CARTESIAN_POINT('Ctrl Pts',(56.3366750419289,-0.300000000000003,41.));
#2348=CARTESIAN_POINT('',(56.7500000000004,-0.5,40.8000000000001));
#2349=CARTESIAN_POINT('',(56.3558375209646,-0.5,40.8000000000001));
#2350=CARTESIAN_POINT('',(56.7500000000003,0.115811459138016,41.415811459138));
#2351=CARTESIAN_POINT('Origin',(57.,-0.4,40.));
#2352=CARTESIAN_POINT('',(56.3366750419289,-0.3,39.));
#2353=CARTESIAN_POINT('Origin',(57.,-0.3,40.));
#2354=CARTESIAN_POINT('',(56.4,-0.5,39.2));
#2355=CARTESIAN_POINT('Ctrl Pts',(56.4,-0.499999999999999,39.2));
#2356=CARTESIAN_POINT('Ctrl Pts',(56.3778963167116,-0.433688950134866,39.1336889501349));
#2357=CARTESIAN_POINT('Ctrl Pts',(56.3567633526245,-0.366625389249381,39.0666253892494));
#2358=CARTESIAN_POINT('Ctrl Pts',(56.3366750419289,-0.300000000000001,39.));
#2359=CARTESIAN_POINT('Origin',(57.,-0.5,40.));
#2360=CARTESIAN_POINT('Origin',(56.5625000000003,-0.4,39.1));
#2361=CARTESIAN_POINT('',(56.7500000000004,-0.5,39.2));
#2362=CARTESIAN_POINT('',(56.5625000000003,-0.5,39.2));
#2363=CARTESIAN_POINT('',(56.7500000000003,-0.3,39.));
#2364=CARTESIAN_POINT('',(56.5625000000003,-0.3,39.));
#2365=CARTESIAN_POINT('',(56.7500000000003,-0.368311459137986,39.068311459138));
#2366=CARTESIAN_POINT('Origin',(56.3750000000002,-0.5,40.));
#2367=CARTESIAN_POINT('',(56.7500000000004,-0.5,40.5));
#2368=CARTESIAN_POINT('Origin',(56.3366750419289,0.,41.));
#2369=CARTESIAN_POINT('',(56.7500000000003,-0.0307764064043341,41.));
#2370=CARTESIAN_POINT('',(56.7500000000003,0.,41.));
#2371=CARTESIAN_POINT('',(56.3366750419289,-0.2,41.));
#2372=CARTESIAN_POINT('Ctrl Pts',(56.7500000000003,-0.0307764064043341,
41.));
#2373=CARTESIAN_POINT('Ctrl Pts',(56.55901464901,-0.0770971578794963,41.));
#2374=CARTESIAN_POINT('Ctrl Pts',(56.3366750419289,-0.2,41.));
#2375=CARTESIAN_POINT('',(56.3366750419289,0.,41.));
#2376=CARTESIAN_POINT('Origin',(57.,-0.1,40.));
#2377=CARTESIAN_POINT('',(56.7500000000003,0.,40.968245836552));
#2378=CARTESIAN_POINT('Ctrl Pts',(56.7500000000003,0.,40.968245836552));
#2379=CARTESIAN_POINT('Ctrl Pts',(56.7500000000003,-0.0151399417753408,
40.9838823011809));
#2380=CARTESIAN_POINT('Ctrl Pts',(56.7500000000003,-0.0307764064043341,
41.));
#2381=CARTESIAN_POINT('',(56.7500000000003,0.,39.0317541634481));
#2382=CARTESIAN_POINT('Origin',(57.,0.,40.));
#2383=CARTESIAN_POINT('',(56.7500000000003,-0.0307764064043385,39.));
#2384=CARTESIAN_POINT('Ctrl Pts',(56.7500000000003,-0.0307764064043385,
39.));
#2385=CARTESIAN_POINT('Ctrl Pts',(56.7500000000003,-0.0151399417753791,
39.0161176988191));
#2386=CARTESIAN_POINT('Ctrl Pts',(56.7500000000003,0.,39.0317541634481));
#2387=CARTESIAN_POINT('',(56.3366750419289,-0.2,39.));
#2388=CARTESIAN_POINT('Ctrl Pts',(56.3366750419289,-0.2,39.));
#2389=CARTESIAN_POINT('Ctrl Pts',(56.55901464901,-0.0770971578795033,39.));
#2390=CARTESIAN_POINT('Ctrl Pts',(56.7500000000003,-0.0307764064043384,
39.));
#2391=CARTESIAN_POINT('Origin',(57.,-0.2,40.));
#2392=CARTESIAN_POINT('Origin',(57.,0.,40.));
#2393=CARTESIAN_POINT('',(56.3366750419289,0.,39.));
#2394=CARTESIAN_POINT('Origin',(56.7500000000003,0.,39.));
#2395=CARTESIAN_POINT('',(56.7500000000003,0.,39.));
#2396=CARTESIAN_POINT('Origin',(57.2499999999997,0.,41.));
#2397=CARTESIAN_POINT('',(57.2499999999997,0.,41.));
#2398=CARTESIAN_POINT('Origin',(57.,1.595,40.));
#2399=CARTESIAN_POINT('',(57.2499999999997,1.595,39.0317541634481));
#2400=CARTESIAN_POINT('',(57.2499999999997,1.595,39.0317541634481));
#2401=CARTESIAN_POINT('',(57.2499999999997,1.595,40.968245836552));
#2402=CARTESIAN_POINT('Origin',(57.,1.595,40.));
#2403=CARTESIAN_POINT('',(57.2499999999997,1.595,40.968245836552));
#2404=CARTESIAN_POINT('Origin',(57.2499999999997,1.595,39.0317541634481));
#2405=CARTESIAN_POINT('',(57.2499999999997,1.595,41.8908770817241));
#2406=CARTESIAN_POINT('Origin',(56.7500000000003,1.595,40.968245836552));
#2407=CARTESIAN_POINT('',(56.7500000000003,1.595,39.0317541634481));
#2408=CARTESIAN_POINT('',(56.7500000000003,1.595,39.0317541634481));
#2409=CARTESIAN_POINT('',(56.7500000000003,1.595,40.968245836552));
#2410=CARTESIAN_POINT('',(56.7500000000003,1.595,42.859122918276));
#2411=CARTESIAN_POINT('',(56.7500000000003,1.595,40.968245836552));
#2412=CARTESIAN_POINT('Origin',(57.,1.595,40.));
#2413=CARTESIAN_POINT('Origin',(57.,1.595,40.));
#2414=CARTESIAN_POINT('Origin',(59.3000000000001,1.595,48.6596067811866));
#2415=CARTESIAN_POINT('',(59.3000000000001,1.595,48.6596067811866));
#2416=CARTESIAN_POINT('',(59.3000000000001,1.595,48.6596067811866));
#2417=CARTESIAN_POINT('',(59.3000000000001,3.595,48.6596067811866));
#2418=CARTESIAN_POINT('',(59.3000000000001,1.595,48.6596067811866));
#2419=CARTESIAN_POINT('',(59.3000000000001,3.595,48.6596067811866));
#2420=CARTESIAN_POINT('Origin',(58.25,1.595,47.6096067811866));
#2421=CARTESIAN_POINT('',(58.25,1.595,47.6096067811866));
#2422=CARTESIAN_POINT('',(58.25,1.595,47.6096067811866));
#2423=CARTESIAN_POINT('',(58.25,3.595,47.6096067811866));
#2424=CARTESIAN_POINT('',(58.25,1.595,47.6096067811866));
#2425=CARTESIAN_POINT('',(58.25,3.595,47.6096067811866));
#2426=CARTESIAN_POINT('Origin',(58.25,1.595,44.1728932188135));
#2427=CARTESIAN_POINT('',(58.25,1.595,44.1728932188135));
#2428=CARTESIAN_POINT('',(58.25,1.595,44.1728932188135));
#2429=CARTESIAN_POINT('',(58.25,3.595,44.1728932188135));
#2430=CARTESIAN_POINT('',(58.25,1.595,44.1728932188135));
#2431=CARTESIAN_POINT('',(58.25,3.595,44.1728932188135));
#2432=CARTESIAN_POINT('Origin',(59.3,1.595,43.1228932188135));
#2433=CARTESIAN_POINT('',(59.3,1.595,43.1228932188135));
#2434=CARTESIAN_POINT('',(59.3,1.595,43.1228932188135));
#2435=CARTESIAN_POINT('',(59.3,3.595,43.1228932188135));
#2436=CARTESIAN_POINT('',(59.3,1.595,43.1228932188135));
#2437=CARTESIAN_POINT('',(59.3,3.595,43.1228932188135));
#2438=CARTESIAN_POINT('Origin',(59.3,1.595,37.5));
#2439=CARTESIAN_POINT('',(59.3,3.595,37.5));
#2440=CARTESIAN_POINT('',(59.3,1.595,37.5));
#2441=CARTESIAN_POINT('Origin',(35.45,1.595,38.25));
#2442=CARTESIAN_POINT('',(34.7,3.595,39.));
#2443=CARTESIAN_POINT('',(36.2,3.595,37.5));
#2444=CARTESIAN_POINT('',(35.175,3.595,38.525));
#2445=CARTESIAN_POINT('',(36.2,1.595,37.5));
#2446=CARTESIAN_POINT('',(36.2,1.595,37.5));
#2447=CARTESIAN_POINT('',(34.7,1.595,39.));
#2448=CARTESIAN_POINT('',(35.175,1.595,38.525));
#2449=CARTESIAN_POINT('',(34.7,1.595,39.));
#2450=CARTESIAN_POINT('Origin',(39.5,1.595,37.5));
#2451=CARTESIAN_POINT('',(39.5,3.595,37.5));
#2452=CARTESIAN_POINT('',(54.5,1.595,37.5));
#2453=CARTESIAN_POINT('',(39.5,3.095,37.5));
#2454=CARTESIAN_POINT('',(39.5,3.095,37.5));
#2455=CARTESIAN_POINT('',(39.5,1.595,37.5));
#2456=CARTESIAN_POINT('',(39.5,1.595,37.5));
#2457=CARTESIAN_POINT('',(39.5,1.595,37.5));
#2458=CARTESIAN_POINT('Origin',(40.85,3.595,44.75));
#2459=CARTESIAN_POINT('',(34.7,3.595,43.1228932188135));
#2460=CARTESIAN_POINT('',(34.7,3.595,37.5));
#2461=CARTESIAN_POINT('',(35.75,3.595,44.1728932188135));
#2462=CARTESIAN_POINT('',(34.7,3.595,43.1228932188135));
#2463=CARTESIAN_POINT('',(35.75,3.595,47.6096067811866));
#2464=CARTESIAN_POINT('',(35.75,3.595,44.1728932188135));
#2465=CARTESIAN_POINT('',(34.7,3.595,48.6596067811866));
#2466=CARTESIAN_POINT('',(35.75,3.595,47.6096067811866));
#2467=CARTESIAN_POINT('',(34.7,3.595,52.0000000000001));
#2468=CARTESIAN_POINT('',(34.7,3.595,48.6596067811866));
#2469=CARTESIAN_POINT('',(36.,3.595,53.3000000000001));
#2470=CARTESIAN_POINT('',(34.7,3.595,52.0000000000001));
#2471=CARTESIAN_POINT('',(47.,3.595,53.3000000000001));
#2472=CARTESIAN_POINT('',(39.5,3.595,40.75));
#2473=CARTESIAN_POINT('',(54.5,3.595,40.75));
#2474=CARTESIAN_POINT('',(37.7,3.595,49.65));
#2475=CARTESIAN_POINT('',(56.8,3.595,49.65));
#2476=CARTESIAN_POINT('',(37.2,3.595,49.15));
#2477=CARTESIAN_POINT('',(37.1375,3.595,49.0875));
#2478=CARTESIAN_POINT('',(37.2,3.595,42.75));
#2479=CARTESIAN_POINT('',(37.2,3.595,49.65));
#2480=CARTESIAN_POINT('',(37.7,3.595,42.25));
#2481=CARTESIAN_POINT('',(37.7375,3.595,42.2125));
#2482=CARTESIAN_POINT('',(39.,3.595,42.25));
#2483=CARTESIAN_POINT('',(37.2,3.595,42.25));
#2484=CARTESIAN_POINT('',(39.5,3.595,41.75));
#2485=CARTESIAN_POINT('',(38.9625,3.595,42.2875000000001));
#2486=CARTESIAN_POINT('',(39.5,3.595,42.25));
#2487=CARTESIAN_POINT('Origin',(35.25,0.448749999999995,52.5500000000001));
#2488=CARTESIAN_POINT('',(35.,-0.100000000000004,52.3000000000001));
#2489=CARTESIAN_POINT('',(34.5,-0.100000000000004,51.8000000000001));
#2490=CARTESIAN_POINT('',(38.125,-0.100000000000003,55.4250000000001));
#2491=CARTESIAN_POINT('',(34.5,-0.600000000000005,51.8000000000001));
#2492=CARTESIAN_POINT('',(34.5,0.448749999999995,51.8000000000001));
#2493=CARTESIAN_POINT('',(36.,-0.600000000000007,53.3000000000001));
#2494=CARTESIAN_POINT('',(37.95,-0.60000000000001,55.2500000000001));
#2495=CARTESIAN_POINT('',(36.,0.448749999999995,53.3000000000001));
#2496=CARTESIAN_POINT('',(34.7,1.595,52.0000000000001));
#2497=CARTESIAN_POINT('',(34.7,1.595,52.0000000000001));
#2498=CARTESIAN_POINT('',(35.,1.595,52.3000000000001));
#2499=CARTESIAN_POINT('',(34.7,1.595,52.0000000000001));
#2500=CARTESIAN_POINT('',(35.,1.021875,52.3000000000001));
#2501=CARTESIAN_POINT('Origin',(47.,-0.600000000000007,53.3000000000001));
#2502=CARTESIAN_POINT('',(47.,-0.600000000000007,53.3000000000001));
#2503=CARTESIAN_POINT('',(39.475,3.41,53.3000000000001));
#2504=CARTESIAN_POINT('',(50.5125,3.41,53.3000000000001));
#2505=CARTESIAN_POINT('',(39.475,1.91,53.3000000000001));
#2506=CARTESIAN_POINT('',(47.,1.91,53.3000000000001));
#2507=CARTESIAN_POINT('',(39.475,0.904999999999996,53.3000000000001));
#2508=CARTESIAN_POINT('Origin',(47.,-0.600000000000004,51.6000000000001));
#2509=CARTESIAN_POINT('',(34.5,-0.600000000000004,51.6000000000001));
#2510=CARTESIAN_POINT('',(34.5,-0.600000000000004,51.6000000000001));
#2511=CARTESIAN_POINT('',(47.,-0.600000000000004,51.6000000000001));
#2512=CARTESIAN_POINT('Origin',(34.5,1.4975,52.4500000000001));
#2513=CARTESIAN_POINT('',(34.5,-0.100000000000004,51.6000000000001));
#2514=CARTESIAN_POINT('',(34.5,-0.100000000000004,52.3000000000001));
#2515=CARTESIAN_POINT('',(34.5,-0.100000000000004,51.6000000000001));
#2516=CARTESIAN_POINT('Origin',(47.,-0.100000000000004,52.3000000000001));
#2517=CARTESIAN_POINT('',(47.,-0.100000000000004,52.3000000000001));
#2518=CARTESIAN_POINT('',(47.,-0.100000000000004,51.6000000000001));
#2519=CARTESIAN_POINT('Origin',(39.25,1.595,42.));
#2520=CARTESIAN_POINT('',(39.,1.595,42.25));
#2521=CARTESIAN_POINT('',(39.,1.595,42.25));
#2522=CARTESIAN_POINT('',(39.5,1.595,41.75));
#2523=CARTESIAN_POINT('',(38.9625,1.595,42.2875000000001));
#2524=CARTESIAN_POINT('',(39.5,1.595,41.75));
#2525=CARTESIAN_POINT('Origin',(39.5,1.595,42.25));
#2526=CARTESIAN_POINT('',(39.5,1.595,42.25));
#2527=CARTESIAN_POINT('',(39.5,3.095,40.75));
#2528=CARTESIAN_POINT('',(39.5,3.095,41.5));
#2529=CARTESIAN_POINT('',(39.5,2.595,40.75));
#2530=CARTESIAN_POINT('Origin',(37.45,1.595,42.5000000000001));
#2531=CARTESIAN_POINT('',(37.2,1.595,42.75));
#2532=CARTESIAN_POINT('',(37.7,1.595,42.25));
#2533=CARTESIAN_POINT('',(37.7375,1.595,42.2125));
#2534=CARTESIAN_POINT('',(37.7,1.595,42.25));
#2535=CARTESIAN_POINT('',(37.2,1.595,42.75));
#2536=CARTESIAN_POINT('Origin',(37.2,1.595,42.25));
#2537=CARTESIAN_POINT('',(37.2,1.595,42.25));
#2538=CARTESIAN_POINT('Origin',(37.45,1.595,49.4));
#2539=CARTESIAN_POINT('',(37.7,1.595,49.65));
#2540=CARTESIAN_POINT('',(37.2,1.595,49.15));
#2541=CARTESIAN_POINT('',(37.1375,1.595,49.0875));
#2542=CARTESIAN_POINT('',(37.2,1.595,49.15));
#2543=CARTESIAN_POINT('',(37.7,1.595,49.65));
#2544=CARTESIAN_POINT('Origin',(37.2,1.595,49.65));
#2545=CARTESIAN_POINT('',(37.2,1.595,49.65));
#2546=CARTESIAN_POINT('Origin',(43.4875,3.16,52.8000000000001));
#2547=CARTESIAN_POINT('',(39.975,2.91,52.3000000000001));
#2548=CARTESIAN_POINT('',(43.4875,2.91,52.3000000000001));
#2549=CARTESIAN_POINT('',(39.475,3.41,53.3000000000001));
#2550=CARTESIAN_POINT('Origin',(39.725,0.904999999999996,52.8000000000001));
#2551=CARTESIAN_POINT('',(39.975,2.41,52.3000000000001));
#2552=CARTESIAN_POINT('',(39.475,1.91,53.3000000000001));
#2553=CARTESIAN_POINT('',(39.975,0.904999999999996,52.3000000000001));
#2554=CARTESIAN_POINT('Origin',(47.,2.16,52.8000000000001));
#2555=CARTESIAN_POINT('',(47.,2.41,52.3000000000001));
#2556=CARTESIAN_POINT('Origin',(39.975,2.91,53.3000000000001));
#2557=CARTESIAN_POINT('',(39.975,2.91,49.6500000000001));
#2558=CARTESIAN_POINT('',(39.975,2.91,53.3000000000001));
#2559=CARTESIAN_POINT('',(43.4875,2.91,49.65));
#2560=CARTESIAN_POINT('Origin',(39.975,2.41,53.3000000000001));
#2561=CARTESIAN_POINT('',(39.975,2.41,49.6500000000001));
#2562=CARTESIAN_POINT('',(39.975,2.41,53.3000000000001));
#2563=CARTESIAN_POINT('',(39.975,2.0025,49.65));
#2564=CARTESIAN_POINT('Origin',(47.,2.41,53.3000000000001));
#2565=CARTESIAN_POINT('',(47.,2.41,49.65));
#2566=CARTESIAN_POINT('Origin',(47.,1.595,49.65));
#2567=CARTESIAN_POINT('',(56.8,1.595,49.65));
#2568=CARTESIAN_POINT('Origin',(47.,-0.100000000000004,51.6000000000001));
#2569=CARTESIAN_POINT('Origin',(47.,1.595,52.3000000000001));
#2570=CARTESIAN_POINT('',(47.,1.595,52.3000000000001));
#2571=CARTESIAN_POINT('Origin',(39.5,3.095,40.75));
#2572=CARTESIAN_POINT('',(39.5,3.095,40.75));
#2573=CARTESIAN_POINT('Origin',(39.5,3.595,40.75));
#2574=CARTESIAN_POINT('Origin',(36.5625000000003,-0.4,40.9));
#2575=CARTESIAN_POINT('',(36.4,-0.5,40.8000000000001));
#2576=CARTESIAN_POINT('',(36.7500000000003,-0.5,40.8000000000001));
#2577=CARTESIAN_POINT('',(36.5625000000003,-0.5,40.8000000000001));
#2578=CARTESIAN_POINT('',(36.7500000000003,-0.3,41.));
#2579=CARTESIAN_POINT('',(36.7500000000003,-0.368311459137954,40.9316885408621));
#2580=CARTESIAN_POINT('',(36.3366750419289,-0.3,41.));
#2581=CARTESIAN_POINT('',(36.5625000000003,-0.3,41.));
#2582=CARTESIAN_POINT('Ctrl Pts',(36.3366750419289,-0.300000000000002,41.));
#2583=CARTESIAN_POINT('Ctrl Pts',(36.3567633526245,-0.366625389249332,40.9333746107507));
#2584=CARTESIAN_POINT('Ctrl Pts',(36.3778963167116,-0.433688950134847,40.8663110498652));
#2585=CARTESIAN_POINT('Ctrl Pts',(36.4,-0.500000000000002,40.8000000000001));
#2586=CARTESIAN_POINT('Origin',(36.3558375209646,-0.4,39.1));
#2587=CARTESIAN_POINT('',(36.3366750419289,-0.3,39.));
#2588=CARTESIAN_POINT('',(36.7500000000003,-0.3,39.));
#2589=CARTESIAN_POINT('',(36.3558375209646,-0.3,39.));
#2590=CARTESIAN_POINT('',(36.7500000000003,-0.5,39.2));
#2591=CARTESIAN_POINT('',(36.7500000000003,0.115811459137985,38.5841885408621));
#2592=CARTESIAN_POINT('',(36.4,-0.5,39.2));
#2593=CARTESIAN_POINT('',(36.3558375209646,-0.5,39.2));
#2594=CARTESIAN_POINT('Ctrl Pts',(36.4,-0.499999999999999,39.2));
#2595=CARTESIAN_POINT('Ctrl Pts',(36.3778963167115,-0.433688950134518,39.1336889501346));
#2596=CARTESIAN_POINT('Ctrl Pts',(36.3567633526242,-0.366625389248492,39.0666253892485));
#2597=CARTESIAN_POINT('Ctrl Pts',(36.3366750419289,-0.3,39.));
#2598=CARTESIAN_POINT('Origin',(37.,-0.4,40.));
#2599=CARTESIAN_POINT('Origin',(37.,-0.3,40.));
#2600=CARTESIAN_POINT('Origin',(37.,-0.5,40.));
#2601=CARTESIAN_POINT('Origin',(36.3750000000002,-0.5,40.));
#2602=CARTESIAN_POINT('',(36.7500000000003,-0.5,39.5));
#2603=CARTESIAN_POINT('Origin',(36.3366750419289,0.,39.));
#2604=CARTESIAN_POINT('',(36.3366750419289,-0.2,39.));
#2605=CARTESIAN_POINT('',(36.3366750419289,0.,39.));
#2606=CARTESIAN_POINT('',(36.7500000000003,-0.0307764064043384,39.));
#2607=CARTESIAN_POINT('Ctrl Pts',(36.7500000000003,-0.0307764064043384,
39.));
#2608=CARTESIAN_POINT('Ctrl Pts',(36.55901464901,-0.0770971578795051,39.));
#2609=CARTESIAN_POINT('Ctrl Pts',(36.3366750419289,-0.2,39.));
#2610=CARTESIAN_POINT('',(36.7500000000003,0.,39.));
#2611=CARTESIAN_POINT('Origin',(37.,-0.1,40.));
#2612=CARTESIAN_POINT('',(36.3366750419289,-0.2,41.));
#2613=CARTESIAN_POINT('Origin',(37.,-0.2,40.));
#2614=CARTESIAN_POINT('',(36.7500000000003,-0.0307764064043341,41.));
#2615=CARTESIAN_POINT('Ctrl Pts',(36.3366750419289,-0.2,41.));
#2616=CARTESIAN_POINT('Ctrl Pts',(36.55901464901,-0.0770971578795002,41.));
#2617=CARTESIAN_POINT('Ctrl Pts',(36.7500000000003,-0.0307764064043341,
41.));
#2618=CARTESIAN_POINT('',(36.7500000000003,0.,40.968245836552));
#2619=CARTESIAN_POINT('Ctrl Pts',(36.7500000000003,-0.0307764064043341,
41.));
#2620=CARTESIAN_POINT('Ctrl Pts',(36.7500000000003,-0.0151399417753779,
40.9838823011809));
#2621=CARTESIAN_POINT('Ctrl Pts',(36.7500000000003,0.,40.968245836552));
#2622=CARTESIAN_POINT('',(36.7500000000003,0.,39.0317541634481));
#2623=CARTESIAN_POINT('Origin',(37.,0.,40.));
#2624=CARTESIAN_POINT('Ctrl Pts',(36.7500000000003,0.,39.0317541634481));
#2625=CARTESIAN_POINT('Ctrl Pts',(36.7500000000003,-0.0151399417753148,
39.0161176988192));
#2626=CARTESIAN_POINT('Ctrl Pts',(36.7500000000003,-0.0307764064043384,
39.));
#2627=CARTESIAN_POINT('Origin',(37.,0.,40.));
#2628=CARTESIAN_POINT('',(36.3366750419289,0.,41.));
#2629=CARTESIAN_POINT('Origin',(37.6441624790355,-0.4,40.9));
#2630=CARTESIAN_POINT('',(37.6633249580711,-0.3,41.));
#2631=CARTESIAN_POINT('',(37.2499999999997,-0.3,41.));
#2632=CARTESIAN_POINT('',(37.6441624790355,-0.3,41.));
#2633=CARTESIAN_POINT('',(37.2499999999997,-0.5,40.8000000000001));
#2634=CARTESIAN_POINT('',(37.2499999999997,0.115811459138016,41.415811459138));
#2635=CARTESIAN_POINT('',(37.6,-0.5,40.8000000000001));
#2636=CARTESIAN_POINT('',(37.6441624790355,-0.5,40.8000000000001));
#2637=CARTESIAN_POINT('Ctrl Pts',(37.6,-0.500000000000003,40.8000000000001));
#2638=CARTESIAN_POINT('Ctrl Pts',(37.6221036832883,-0.433688950135079,40.866311049865));
#2639=CARTESIAN_POINT('Ctrl Pts',(37.6432366473753,-0.36662538924992,40.9333746107501));
#2640=CARTESIAN_POINT('Ctrl Pts',(37.6633249580711,-0.300000000000002,41.));
#2641=CARTESIAN_POINT('Origin',(37.,-0.4,40.));
#2642=CARTESIAN_POINT('',(37.6633249580711,-0.3,39.));
#2643=CARTESIAN_POINT('Origin',(37.,-0.3,40.));
#2644=CARTESIAN_POINT('',(37.6,-0.5,39.2));
#2645=CARTESIAN_POINT('Origin',(37.,-0.5,40.));
#2646=CARTESIAN_POINT('Ctrl Pts',(37.6,-0.500000000000001,39.2));
#2647=CARTESIAN_POINT('Ctrl Pts',(37.6221036832884,-0.433688950134867,39.1336889501349));
#2648=CARTESIAN_POINT('Ctrl Pts',(37.6432366473755,-0.366625389249381,39.0666253892494));
#2649=CARTESIAN_POINT('Ctrl Pts',(37.6633249580711,-0.300000000000001,39.));
#2650=CARTESIAN_POINT('Origin',(37.4374999999998,-0.4,39.1));
#2651=CARTESIAN_POINT('',(37.2499999999997,-0.5,39.2));
#2652=CARTESIAN_POINT('',(37.4374999999998,-0.5,39.2));
#2653=CARTESIAN_POINT('',(37.2499999999997,-0.3,39.));
#2654=CARTESIAN_POINT('',(37.2499999999997,-0.368311459137986,39.068311459138));
#2655=CARTESIAN_POINT('',(37.4374999999998,-0.3,39.));
#2656=CARTESIAN_POINT('Origin',(37.6249999999998,-0.5,40.));
#2657=CARTESIAN_POINT('',(37.2499999999997,-0.5,40.5));
#2658=CARTESIAN_POINT('Origin',(37.6633249580711,0.,41.));
#2659=CARTESIAN_POINT('',(37.6633249580711,-0.2,41.));
#2660=CARTESIAN_POINT('',(37.6633249580711,0.,41.));
#2661=CARTESIAN_POINT('',(37.2499999999997,-0.0307764064043341,41.));
#2662=CARTESIAN_POINT('Ctrl Pts',(37.2499999999997,-0.0307764064043341,
41.));
#2663=CARTESIAN_POINT('Ctrl Pts',(37.44098535099,-0.0770971578794963,41.));
#2664=CARTESIAN_POINT('Ctrl Pts',(37.6633249580711,-0.2,41.));
#2665=CARTESIAN_POINT('',(37.2499999999997,0.,41.));
#2666=CARTESIAN_POINT('Origin',(37.,-0.1,40.));
#2667=CARTESIAN_POINT('',(37.6633249580711,-0.2,39.));
#2668=CARTESIAN_POINT('Origin',(37.,-0.2,40.));
#2669=CARTESIAN_POINT('',(37.2499999999997,-0.0307764064043385,39.));
#2670=CARTESIAN_POINT('Ctrl Pts',(37.6633249580711,-0.2,39.));
#2671=CARTESIAN_POINT('Ctrl Pts',(37.44098535099,-0.0770971578795033,39.));
#2672=CARTESIAN_POINT('Ctrl Pts',(37.2499999999997,-0.0307764064043384,
39.));
#2673=CARTESIAN_POINT('',(37.2499999999997,0.,39.0317541634481));
#2674=CARTESIAN_POINT('Ctrl Pts',(37.2499999999997,-0.0307764064043385,
39.));
#2675=CARTESIAN_POINT('Ctrl Pts',(37.2499999999997,-0.0151399417753791,
39.0161176988191));
#2676=CARTESIAN_POINT('Ctrl Pts',(37.2499999999997,0.,39.0317541634481));
#2677=CARTESIAN_POINT('',(37.2499999999997,0.,40.968245836552));
#2678=CARTESIAN_POINT('Origin',(37.,0.,40.));
#2679=CARTESIAN_POINT('Ctrl Pts',(37.2499999999997,0.,40.968245836552));
#2680=CARTESIAN_POINT('Ctrl Pts',(37.2499999999997,-0.0151399417753408,
40.9838823011809));
#2681=CARTESIAN_POINT('Ctrl Pts',(37.2499999999997,-0.0307764064043341,
41.));
#2682=CARTESIAN_POINT('Origin',(37.,0.,40.));
#2683=CARTESIAN_POINT('',(37.6633249580711,0.,39.));
#2684=CARTESIAN_POINT('Origin',(37.2499999999997,0.,39.));
#2685=CARTESIAN_POINT('',(37.2499999999997,0.,39.));
#2686=CARTESIAN_POINT('Origin',(36.7500000000003,0.,41.));
#2687=CARTESIAN_POINT('',(36.7500000000003,0.,41.));
#2688=CARTESIAN_POINT('Origin',(37.,1.595,40.));
#2689=CARTESIAN_POINT('',(36.7500000000003,1.595,40.968245836552));
#2690=CARTESIAN_POINT('',(36.7500000000003,1.595,40.968245836552));
#2691=CARTESIAN_POINT('',(36.7500000000003,1.595,39.0317541634481));
#2692=CARTESIAN_POINT('Origin',(37.,1.595,40.));
#2693=CARTESIAN_POINT('',(36.7500000000003,1.595,39.0317541634481));
#2694=CARTESIAN_POINT('Origin',(36.7500000000003,1.595,39.0317541634481));
#2695=CARTESIAN_POINT('',(36.7500000000003,1.595,41.8908770817241));
#2696=CARTESIAN_POINT('Origin',(37.2499999999997,1.595,40.968245836552));
#2697=CARTESIAN_POINT('',(37.2499999999997,1.595,40.968245836552));
#2698=CARTESIAN_POINT('',(37.2499999999997,1.595,40.968245836552));
#2699=CARTESIAN_POINT('',(37.2499999999997,1.595,39.0317541634481));
#2700=CARTESIAN_POINT('',(37.2499999999997,1.595,42.859122918276));
#2701=CARTESIAN_POINT('',(37.2499999999997,1.595,39.0317541634481));
#2702=CARTESIAN_POINT('Origin',(37.,1.595,40.));
#2703=CARTESIAN_POINT('Origin',(37.,1.595,40.));
#2704=CARTESIAN_POINT('Origin',(34.7,1.595,48.6596067811866));
#2705=CARTESIAN_POINT('',(34.7,1.595,48.6596067811866));
#2706=CARTESIAN_POINT('',(34.7,1.595,48.6596067811866));
#2707=CARTESIAN_POINT('',(34.7,1.595,48.6596067811866));
#2708=CARTESIAN_POINT('Origin',(35.75,1.595,47.6096067811866));
#2709=CARTESIAN_POINT('',(35.75,1.595,47.6096067811866));
#2710=CARTESIAN_POINT('',(35.75,1.595,47.6096067811866));
#2711=CARTESIAN_POINT('',(35.75,1.595,47.6096067811866));
#2712=CARTESIAN_POINT('Origin',(35.75,1.595,44.1728932188135));
#2713=CARTESIAN_POINT('',(35.75,1.595,44.1728932188135));
#2714=CARTESIAN_POINT('',(35.75,1.595,44.1728932188135));
#2715=CARTESIAN_POINT('',(35.75,1.595,44.1728932188135));
#2716=CARTESIAN_POINT('Origin',(34.7,1.595,43.1228932188135));
#2717=CARTESIAN_POINT('',(34.7,1.595,43.1228932188135));
#2718=CARTESIAN_POINT('',(34.7,1.595,43.1228932188135));
#2719=CARTESIAN_POINT('',(34.7,1.595,43.1228932188135));
#2720=CARTESIAN_POINT('Origin',(34.7,1.595,37.5));
#2721=CARTESIAN_POINT('',(34.7,1.595,37.5));
#2722=CARTESIAN_POINT('Origin',(40.85,1.595,44.75));
#2723=CARTESIAN_POINT('',(0.,0.,0.));
#2724=UNCERTAINTY_MEASURE_WITH_UNIT(LENGTH_MEASURE(0.01),#2730,
'DISTANCE_ACCURACY_VALUE',
'Maximum model space distance between geometric entities at asserted c
onnectivities');
#2725=UNCERTAINTY_MEASURE_WITH_UNIT(LENGTH_MEASURE(0.01),#2730,
'DISTANCE_ACCURACY_VALUE',
'Maximum model space distance between geometric entities at asserted c
onnectivities');
#2726=UNCERTAINTY_MEASURE_WITH_UNIT(LENGTH_MEASURE(0.01),#2730,
'DISTANCE_ACCURACY_VALUE',
'Maximum model space distance between geometric entities at asserted c
onnectivities');
#2727=(
GEOMETRIC_REPRESENTATION_CONTEXT(3)
GLOBAL_UNCERTAINTY_ASSIGNED_CONTEXT((#2724))
GLOBAL_UNIT_ASSIGNED_CONTEXT((#2730,#2732,#2733))
REPRESENTATION_CONTEXT('','3D')
);
#2728=(
GEOMETRIC_REPRESENTATION_CONTEXT(3)
GLOBAL_UNCERTAINTY_ASSIGNED_CONTEXT((#2725))
GLOBAL_UNIT_ASSIGNED_CONTEXT((#2730,#2732,#2733))
REPRESENTATION_CONTEXT('','3D')
);
#2729=(
GEOMETRIC_REPRESENTATION_CONTEXT(3)
GLOBAL_UNCERTAINTY_ASSIGNED_CONTEXT((#2726))
GLOBAL_UNIT_ASSIGNED_CONTEXT((#2730,#2732,#2733))
REPRESENTATION_CONTEXT('','3D')
);
#2730=(
LENGTH_UNIT()
NAMED_UNIT(*)
SI_UNIT(.MILLI.,.METRE.)
);
#2731=(
LENGTH_UNIT()
NAMED_UNIT(*)
SI_UNIT($,.METRE.)
);
#2732=(
NAMED_UNIT(*)
PLANE_ANGLE_UNIT()
SI_UNIT($,.RADIAN.)
);
#2733=(
NAMED_UNIT(*)
SI_UNIT($,.STERADIAN.)
SOLID_ANGLE_UNIT()
);
#2734=SHAPE_DEFINITION_REPRESENTATION(#2736,#2739);
#2735=SHAPE_DEFINITION_REPRESENTATION(#2737,#2740);
#2736=PRODUCT_DEFINITION_SHAPE('',$,#2742);
#2737=PRODUCT_DEFINITION_SHAPE('',$,#2743);
#2738=PRODUCT_DEFINITION_SHAPE($,$,#14);
#2739=SHAPE_REPRESENTATION('',(#1672,#1781),#2727);
#2740=SHAPE_REPRESENTATION('',(#1673),#2728);
#2741=PRODUCT_DEFINITION_CONTEXT('part definition',#2749,'design');
#2742=PRODUCT_DEFINITION('ReThink_adapter_assembly',
'ReThink_adapter_assembly v1',#2744,#2741);
#2743=PRODUCT_DEFINITION('Connector_guide','Connector_guide',#2745,#2741);
#2744=PRODUCT_DEFINITION_FORMATION('',$,#2751);
#2745=PRODUCT_DEFINITION_FORMATION('',$,#2752);
#2746=PRODUCT_RELATED_PRODUCT_CATEGORY('ReThink_adapter_assembly v1',
'ReThink_adapter_assembly v1',(#2751));
#2747=PRODUCT_RELATED_PRODUCT_CATEGORY('Connector_guide',
'Connector_guide',(#2752));
#2748=APPLICATION_PROTOCOL_DEFINITION('international standard',
'automotive_design',2009,#2749);
#2749=APPLICATION_CONTEXT(
'Core Data for Automotive Mechanical Design Process');
#2750=PRODUCT_CONTEXT('part definition',#2749,'mechanical');
#2751=PRODUCT('ReThink_adapter_assembly','ReThink_adapter_assembly v1',
$,(#2750));
#2752=PRODUCT('Connector_guide','Connector_guide',$,(#2750));
#2753=PRESENTATION_STYLE_ASSIGNMENT((#2754));
#2754=SURFACE_STYLE_USAGE(.BOTH.,#2755);
#2755=SURFACE_SIDE_STYLE('',(#2756));
#2756=SURFACE_STYLE_FILL_AREA(#2757);
#2757=FILL_AREA_STYLE('ABS (White)',(#2758));
#2758=FILL_AREA_STYLE_COLOUR('ABS (White)',#2759);
#2759=COLOUR_RGB('ABS (White)',0.964705882352941,0.964705882352941,0.952941176470588);
ENDSEC;
END-ISO-10303-21;
